candidate_id,representation,algorithm,k_requested,silhouette,davies_bouldin,calinski_harabasz,minimum_cluster_size,maximum_cluster_size,eligible_min_cluster_size,shortlist_reasons
R0_STANDARDIZED__HAC_WARD__K2,R0_STANDARDIZED,HAC_WARD,2,0.5427887772129095,0.5160787779168702,150.4134161902343,25,55,True,BEST_DAVIES_BOULDIN;BEST_SILHOUETTE
R0_STANDARDIZED__HAC_WARD__K3,R0_STANDARDIZED,HAC_WARD,3,0.5046423737031285,0.66406010451221,234.563063052941,25,29,True,BEST_CALINSKI_HARABASZ
R0_STANDARDIZED__KMEANS__K2,R0_STANDARDIZED,KMEANS,2,0.6023587561611062,0.5384640072543024,241.04202237936136,37,43,True,BEST_DAVIES_BOULDIN;BEST_SILHOUETTE
R0_STANDARDIZED__KMEANS__K3,R0_STANDARDIZED,KMEANS,3,0.5287676670824972,0.6640067093862871,265.1637886420678,25,29,True,BEST_CALINSKI_HARABASZ
R1_PCA85__HAC_WARD__K5,R1_PCA85,HAC_WARD,5,0.6821522905637007,0.38248520097358835,835.7355117285075,7,26,True,BEST_DAVIES_BOULDIN;BEST_SILHOUETTE
R1_PCA85__HAC_WARD__K6,R1_PCA85,HAC_WARD,6,0.6189532332124644,0.44983299415830746,936.689084597315,7,24,True,BEST_CALINSKI_HARABASZ
R1_PCA85__KMEANS__K3,R1_PCA85,KMEANS,3,0.7000031883746785,0.4021019283511704,562.2723192794286,24,30,True,BEST_SILHOUETTE
R1_PCA85__KMEANS__K5,R1_PCA85,KMEANS,5,0.6821522905637007,0.38248520097358835,835.7355117285074,7,26,True,BEST_DAVIES_BOULDIN
R1_PCA85__KMEANS__K6,R1_PCA85,KMEANS,6,0.6503519434155167,0.4322776654678407,1005.917377623429,7,24,True,BEST_CALINSKI_HARABASZ
