institution_id,reference_profile,target_profile,certainty_class,reference_profile_probability,family_consistency,expected_exact_candidates,evaluated_exact_candidates,transition_candidates,plausible_candidates,valid_plausible_candidates,selected_counterfactuals,global_best_cost,global_best_l0,depth1_valid,depth2_valid,depth3_valid,depth4_valid,failure_mode,elapsed_seconds
INST_001,2,1,CORE,0.9951219512195122,0.9827586206896552,147291,147291,5,0,0,0,,,0,0,0,0,TRANSITIONS_FAIL_PLAUSIBILITY,2.072557443010737
INST_002,1,2,CORE,1.0,1.0,147291,147291,1134,0,0,0,,,0,0,0,0,TRANSITIONS_FAIL_PLAUSIBILITY,1.394936378012062
INST_003,1,2,HALO,0.8571428571428571,0.7115384615384616,147291,147291,25223,0,0,0,,,0,0,0,0,TRANSITIONS_FAIL_PLAUSIBILITY,1.389892093007802
INST_004,1,2,CORE,0.9946524064171124,0.9743589743589745,147291,147291,328,0,0,0,,,0,0,0,0,TRANSITIONS_FAIL_PLAUSIBILITY,1.364062502005254
INST_005,1,2,CORE,0.9950248756218906,0.9791666666666666,147291,147291,9490,0,0,0,,,0,0,0,0,TRANSITIONS_FAIL_PLAUSIBILITY,1.3548457430006238
INST_006,1,2,CORE,1.0,1.0,147291,147291,0,0,0,0,,,0,0,0,0,NO_TRANSITION_WITHIN_4_FEATURES,1.368778536998434
INST_007,1,2,BOUNDARY,0.5743589743589743,0.3863636363636363,147291,147291,41823,277,277,5,3.2499945000122503,3.0,0,0,18,259,SOLVABLE,1.3905292830022518
INST_008,1,2,CORE,0.9563318777292577,0.9253731343283582,147291,147291,1915,0,0,0,,,0,0,0,0,TRANSITIONS_FAIL_PLAUSIBILITY,1.351798449002672
INST_009,1,2,HALO,0.8730964467005076,0.7608695652173914,147291,147291,13264,0,0,0,,,0,0,0,0,TRANSITIONS_FAIL_PLAUSIBILITY,1.319898560992442
INST_010,1,2,CORE,1.0,1.0,147291,147291,2173,0,0,0,,,0,0,0,0,TRANSITIONS_FAIL_PLAUSIBILITY,1.453327110997634
INST_011,1,2,CORE,1.0,1.0,147291,147291,0,0,0,0,,,0,0,0,0,NO_TRANSITION_WITHIN_4_FEATURES,1.3436482489923947
INST_012,1,2,CORE,1.0,1.0,147291,147291,13,0,0,0,,,0,0,0,0,TRANSITIONS_FAIL_PLAUSIBILITY,1.4152995089971228
INST_013,1,2,CORE,1.0,1.0,147291,147291,3638,0,0,0,,,0,0,0,0,TRANSITIONS_FAIL_PLAUSIBILITY,1.3890162600000622
INST_014,1,2,CORE,1.0,1.0,147291,147291,2,0,0,0,,,0,0,0,0,TRANSITIONS_FAIL_PLAUSIBILITY,1.405446728997049
INST_015,1,2,HALO,0.8762376237623762,0.8222222222222222,147291,147291,3772,0,0,0,,,0,0,0,0,TRANSITIONS_FAIL_PLAUSIBILITY,1.3830627019924577
INST_016,1,2,CORE,1.0,1.0,147291,147291,0,0,0,0,,,0,0,0,0,NO_TRANSITION_WITHIN_4_FEATURES,1.3578999460005434
INST_017,1,2,CORE,1.0,1.0,147291,147291,9,0,0,0,,,0,0,0,0,TRANSITIONS_FAIL_PLAUSIBILITY,1.3614713629940525
INST_018,1,2,HALO,0.8674033149171271,0.7959183673469388,147291,147291,8464,0,0,0,,,0,0,0,0,TRANSITIONS_FAIL_PLAUSIBILITY,1.3290383449930232
INST_019,1,2,BOUNDARY,0.6945812807881774,0.5531914893617021,147291,147291,31132,488,488,4,3.249995250009125,3.0,0,0,46,442,SOLVABLE,1.4451216199959163
INST_020,1,2,CORE,0.9611650485436892,0.9411764705882352,147291,147291,4837,0,0,0,,,0,0,0,0,TRANSITIONS_FAIL_PLAUSIBILITY,1.332902116002515
INST_021,1,2,CORE,1.0,1.0,147291,147291,763,0,0,0,,,0,0,0,0,TRANSITIONS_FAIL_PLAUSIBILITY,1.3375254290003795
INST_022,2,1,CORE,0.9953488372093025,0.9814814814814816,147291,147291,4326,2218,18,2,6.4999870000325,4.0,0,0,0,18,SOLVABLE,2.0108406689978437
INST_023,1,2,BOUNDARY,0.2397959183673469,0.1304347826086956,147291,147291,56082,1245,1244,4,1.499998000004,2.0,0,10,139,1095,SOLVABLE,1.403087154001696
INST_024,1,2,CORE,1.0,1.0,147291,147291,0,0,0,0,,,0,0,0,0,NO_TRANSITION_WITHIN_4_FEATURES,1.3446254860027693
INST_025,1,2,BOUNDARY,0.7616580310880829,0.5789473684210527,147291,147291,36771,42,42,1,4.499993000013999,4.0,0,0,0,42,SOLVABLE,1.3256381530081853
INST_026,1,2,CORE,1.0,1.0,147291,147291,102,0,0,0,,,0,0,0,0,TRANSITIONS_FAIL_PLAUSIBILITY,1.3586195000098087
INST_027,2,1,CORE,0.9950248756218906,0.9803921568627452,147291,147291,3867,255,91,4,6.999984000043501,4.0,0,0,0,91,SOLVABLE,1.9652209430059884
INST_028,1,2,CORE,1.0,1.0,147291,147291,127,0,0,0,,,0,0,0,0,TRANSITIONS_FAIL_PLAUSIBILITY,1.4114099190046545
INST_029,1,2,CORE,0.9792746113989638,0.9444444444444444,147291,147291,8097,0,0,0,,,0,0,0,0,TRANSITIONS_FAIL_PLAUSIBILITY,1.3569643040100345
INST_030,1,2,CORE,0.963917525773196,0.8958333333333334,147291,147291,10464,3,3,2,6.999988000024,4.0,0,0,0,3,SOLVABLE,1.348687688994687
INST_031,1,2,CORE,0.9064039408866996,0.8837209302325582,147291,147291,5547,0,0,0,,,0,0,0,0,TRANSITIONS_FAIL_PLAUSIBILITY,1.4815137579862494
INST_032,1,2,CORE,1.0,1.0,147291,147291,481,0,0,0,,,0,0,0,0,TRANSITIONS_FAIL_PLAUSIBILITY,1.3493280750117265
INST_033,1,2,HALO,0.8491620111731844,0.7209302325581395,147291,147291,23235,88,88,3,4.4999910000242505,4.0,0,0,2,86,SOLVABLE,1.533839005001937
INST_034,2,1,CORE,1.0,1.0,147291,147291,10076,5993,264,5,5.499989750024626,4.0,0,0,1,263,SOLVABLE,2.068269880997832
INST_035,1,2,CORE,1.0,1.0,147291,147291,0,0,0,0,,,0,0,0,0,NO_TRANSITION_WITHIN_4_FEATURES,1.4642600759980269
INST_036,2,1,CORE,0.9951456310679612,0.9814814814814816,147291,147291,4937,910,61,1,6.499986250035376,4.0,0,0,0,61,SOLVABLE,2.1667569359997287
INST_037,2,1,CORE,1.0,1.0,147291,147291,620,60,4,1,8.499980000054501,4.0,0,0,0,4,SOLVABLE,2.0429066590004368
INST_038,1,2,CORE,0.9949238578680204,0.9791666666666666,147291,147291,158,0,0,0,,,0,0,0,0,TRANSITIONS_FAIL_PLAUSIBILITY,1.4652554249914829
INST_039,2,1,CORE,1.0,1.0,147291,147291,22790,8317,801,5,3.999992750018375,4.0,0,0,10,791,SOLVABLE,2.138663881996763
INST_040,1,2,CORE,1.0,1.0,147291,147291,1083,0,0,0,,,0,0,0,0,TRANSITIONS_FAIL_PLAUSIBILITY,1.394195012995624
INST_041,2,1,CORE,0.995260663507109,0.9838709677419356,147291,147291,1881,806,0,0,,,0,0,0,0,TRANSITIONS_FAIL_PLAUSIBILITY,2.068526185990777
INST_042,1,2,HALO,0.868421052631579,0.7659574468085106,147291,147291,6983,0,0,0,,,0,0,0,0,TRANSITIONS_FAIL_PLAUSIBILITY,1.4135540520073846
INST_043,1,2,CORE,1.0,1.0,147291,147291,4,0,0,0,,,0,0,0,0,TRANSITIONS_FAIL_PLAUSIBILITY,1.4155809060030151
INST_044,1,2,CORE,0.9104477611940298,0.8333333333333334,147291,147291,8464,0,0,0,,,0,0,0,0,TRANSITIONS_FAIL_PLAUSIBILITY,1.4841223569965223
INST_045,1,2,CORE,0.985781990521327,0.9803921568627452,147291,147291,11009,0,0,0,,,0,0,0,0,TRANSITIONS_FAIL_PLAUSIBILITY,1.3563754899951164
INST_046,1,2,CORE,1.0,1.0,147291,147291,93,0,0,0,,,0,0,0,0,TRANSITIONS_FAIL_PLAUSIBILITY,1.4159044299885863
INST_047,1,2,CORE,1.0,1.0,147291,147291,6303,0,0,0,,,0,0,0,0,TRANSITIONS_FAIL_PLAUSIBILITY,1.3614387109992094
INST_048,1,2,CORE,1.0,1.0,147291,147291,1,0,0,0,,,0,0,0,0,TRANSITIONS_FAIL_PLAUSIBILITY,1.3940377909893868
INST_049,1,2,CORE,1.0,1.0,147291,147291,4,0,0,0,,,0,0,0,0,TRANSITIONS_FAIL_PLAUSIBILITY,1.3833118160109734
INST_050,1,2,CORE,0.966183574879227,0.9090909090909092,147291,147291,1019,0,0,0,,,0,0,0,0,TRANSITIONS_FAIL_PLAUSIBILITY,1.352084651007317
INST_051,2,1,CORE,0.9948717948717948,0.9791666666666666,147291,147291,14,0,0,0,,,0,0,0,0,TRANSITIONS_FAIL_PLAUSIBILITY,2.0485056420002365
INST_052,1,2,HALO,0.8190954773869347,0.6730769230769231,147291,147291,8464,0,0,0,,,0,0,0,0,TRANSITIONS_FAIL_PLAUSIBILITY,1.436043891008012
INST_053,1,2,CORE,1.0,1.0,147291,147291,684,0,0,0,,,0,0,0,0,TRANSITIONS_FAIL_PLAUSIBILITY,1.3214525320072426
INST_054,2,1,CORE,1.0,1.0,147291,147291,10249,3202,288,5,4.9999905000235,4.0,0,0,3,285,SOLVABLE,2.261663712997688
INST_055,1,2,CORE,1.0,1.0,147291,147291,3,0,0,0,,,0,0,0,0,TRANSITIONS_FAIL_PLAUSIBILITY,1.3792069350020029
INST_056,1,2,CORE,1.0,1.0,147291,147291,332,0,0,0,,,0,0,0,0,TRANSITIONS_FAIL_PLAUSIBILITY,1.4126719449996017
INST_057,1,2,CORE,1.0,1.0,147291,147291,37,0,0,0,,,0,0,0,0,TRANSITIONS_FAIL_PLAUSIBILITY,1.4612406619999092
INST_058,1,2,CORE,1.0,1.0,147291,147291,9,0,0,0,,,0,0,0,0,TRANSITIONS_FAIL_PLAUSIBILITY,1.5783473310002591
INST_059,1,2,CORE,1.0,1.0,147291,147291,2,0,0,0,,,0,0,0,0,TRANSITIONS_FAIL_PLAUSIBILITY,1.3559816970082466
INST_060,1,2,CORE,1.0,1.0,147291,147291,9,0,0,0,,,0,0,0,0,TRANSITIONS_FAIL_PLAUSIBILITY,1.4476072630059207
INST_061,1,2,CORE,1.0,1.0,147291,147291,830,0,0,0,,,0,0,0,0,TRANSITIONS_FAIL_PLAUSIBILITY,1.3633092170057353
INST_062,1,2,CORE,0.9846153846153848,0.951219512195122,147291,147291,1249,0,0,0,,,0,0,0,0,TRANSITIONS_FAIL_PLAUSIBILITY,1.4309988230088493
INST_063,1,2,CORE,0.905,0.8363636363636363,147291,147291,5099,0,0,0,,,0,0,0,0,TRANSITIONS_FAIL_PLAUSIBILITY,1.337852294993354
INST_064,1,2,BOUNDARY,0.5900900900900901,0.3389830508474576,147291,147291,43711,1186,1186,5,2.3333298888954817,2.0,0,14,144,1028,SOLVABLE,1.4831872670038138
INST_065,2,1,CORE,1.0,1.0,147291,147291,11556,4477,465,5,4.999990250024375,4.0,0,0,4,461,SOLVABLE,2.074843220994808
INST_066,1,2,BOUNDARY,0.6349206349206349,0.4285714285714285,147291,147291,43711,1186,1186,5,2.3333298888954817,2.0,0,14,144,1028,SOLVABLE,1.461120801002835
INST_067,1,2,CORE,0.9951456310679612,0.9807692307692308,147291,147291,5068,0,0,0,,,0,0,0,0,TRANSITIONS_FAIL_PLAUSIBILITY,1.3848603309888858
INST_068,1,2,CORE,1.0,1.0,147291,147291,41,0,0,0,,,0,0,0,0,TRANSITIONS_FAIL_PLAUSIBILITY,1.4220394699950702
INST_069,1,2,CORE,1.0,1.0,147291,147291,40,0,0,0,,,0,0,0,0,TRANSITIONS_FAIL_PLAUSIBILITY,1.4418301330006216
INST_070,1,2,CORE,1.0,1.0,147291,147291,569,0,0,0,,,0,0,0,0,TRANSITIONS_FAIL_PLAUSIBILITY,1.3264097799983574
INST_071,2,1,CORE,1.0,1.0,147291,147291,30048,8133,2675,5,3.74999450001025,3.0,0,0,96,2579,SOLVABLE,2.5901404640026158
INST_072,1,2,CORE,1.0,1.0,147291,147291,0,0,0,0,,,0,0,0,0,NO_TRANSITION_WITHIN_4_FEATURES,1.4097739699936938
INST_073,1,2,HALO,0.7967032967032966,0.6938775510204082,147291,147291,25844,31,31,2,3.999992750018375,4.0,0,0,0,31,SOLVABLE,1.5507786420057528
INST_074,2,1,CORE,1.0,1.0,147291,147291,278,24,0,0,,,0,0,0,0,TRANSITIONS_FAIL_PLAUSIBILITY,2.1055295200058026
INST_075,1,2,CORE,1.0,1.0,147291,147291,0,0,0,0,,,0,0,0,0,NO_TRANSITION_WITHIN_4_FEATURES,1.520234273004462
INST_076,1,2,CORE,1.0,1.0,147291,147291,173,0,0,0,,,0,0,0,0,TRANSITIONS_FAIL_PLAUSIBILITY,1.3911442989920033
INST_077,1,2,HALO,0.8622222222222222,0.7818181818181819,147291,147291,16625,91,91,5,3.74999350001525,3.0,0,0,4,87,SOLVABLE,1.5861644499964314
INST_078,1,2,CORE,1.0,1.0,147291,147291,2121,0,0,0,,,0,0,0,0,TRANSITIONS_FAIL_PLAUSIBILITY,1.3966584330046317
INST_079,1,2,CORE,1.0,1.0,147291,147291,0,0,0,0,,,0,0,0,0,NO_TRANSITION_WITHIN_4_FEATURES,1.4569831959961448
INST_080,1,2,CORE,1.0,1.0,147291,147291,4550,0,0,0,,,0,0,0,0,TRANSITIONS_FAIL_PLAUSIBILITY,1.525528141995892
INST_081,1,2,CORE,1.0,1.0,147291,147291,41,0,0,0,,,0,0,0,0,TRANSITIONS_FAIL_PLAUSIBILITY,1.4038175710011274
