institution_a,profile_a,severity_a,institution_b,profile_b,severity_b,severity_gap,feature_l1_distance
INST_041,2,0.47820512820512817,INST_072,1,0.47692307692307695,0.001282051282051222,8.85
INST_012,1,0.5628205128205128,INST_065,2,0.5615384615384615,0.0012820512820512775,6.483333333333333
INST_021,1,0.4641025641025641,INST_071,2,0.46282051282051284,0.0012820512820512775,5.1499999999999995
INST_033,1,0.4384615384615384,INST_054,2,0.43974358974358974,0.001282051282051333,3.6833333333333336
INST_010,1,0.47564102564102567,INST_041,2,0.47820512820512817,0.0025641025641024995,5.866666666666667
INST_002,1,0.5115384615384616,INST_039,2,0.5166666666666666,0.005128205128204999,5.4
INST_041,2,0.47820512820512817,INST_053,1,0.4730769230769231,0.0051282051282050545,6.233333333333333
INST_006,1,0.6076923076923076,INST_074,2,0.6025641025641025,0.00512820512820511,8.266666666666667
INST_005,1,0.5974358974358974,INST_074,2,0.6025641025641025,0.00512820512820511,5.9
INST_036,2,0.4974358974358974,INST_061,1,0.4923076923076923,0.00512820512820511,5.9
INST_034,2,0.4974358974358974,INST_061,1,0.4923076923076923,0.00512820512820511,5.4
INST_054,2,0.43974358974358974,INST_073,1,0.4346153846153846,0.00512820512820511,3.2333333333333334
INST_021,1,0.4641025641025641,INST_022,2,0.4589743589743589,0.005128205128205221,6.2666666666666675
INST_019,1,0.4692307692307693,INST_071,2,0.46282051282051284,0.006410256410256443,3.4166666666666665
INST_011,1,0.45128205128205134,INST_022,2,0.4589743589743589,0.007692307692307554,8.266666666666666
INST_022,2,0.4589743589743589,INST_079,1,0.45128205128205134,0.007692307692307554,8.266666666666666
INST_035,1,0.4897435897435898,INST_036,2,0.4974358974358974,0.0076923076923076095,8.766666666666667
INST_041,2,0.47820512820512817,INST_075,1,0.47051282051282056,0.0076923076923076095,8.766666666666667
INST_034,2,0.4974358974358974,INST_035,1,0.4897435897435898,0.0076923076923076095,8.266666666666666
INST_001,2,0.5192307692307693,INST_002,1,0.5115384615384616,0.007692307692307665,8.1
INST_039,2,0.5166666666666666,INST_070,1,0.5089743589743589,0.007692307692307665,5.6000000000000005
INST_027,2,0.7051282051282051,INST_030,1,0.7128205128205127,0.007692307692307665,4.9
INST_051,2,0.5,INST_061,1,0.4923076923076923,0.0076923076923077205,7.6000000000000005
INST_071,2,0.46282051282051284,INST_075,1,0.47051282051282056,0.0076923076923077205,7.4
INST_041,2,0.47820512820512817,INST_057,1,0.4858974358974359,0.0076923076923077205,7.233333333333334
INST_032,1,0.4858974358974359,INST_041,2,0.47820512820512817,0.0076923076923077205,6.066666666666666
INST_051,2,0.5,INST_067,1,0.5076923076923078,0.007692307692307776,6.733333333333333
INST_039,2,0.5166666666666666,INST_067,1,0.5076923076923078,0.008974358974358831,4.283333333333333
INST_019,1,0.4692307692307693,INST_041,2,0.47820512820512817,0.008974358974358887,4.283333333333333
INST_001,2,0.5192307692307693,INST_043,1,0.5282051282051282,0.008974358974358942,9.716666666666667
INST_051,2,0.5,INST_070,1,0.5089743589743589,0.008974358974358942,8.05
INST_045,1,0.5525641025641026,INST_065,2,0.5615384615384615,0.008974358974358942,4.616666666666666
INST_035,1,0.4897435897435898,INST_051,2,0.5,0.01025641025641022,10.466666666666667
INST_053,1,0.4730769230769231,INST_071,2,0.46282051282051284,0.010256410256410275,4.866666666666667
INST_001,2,0.5192307692307693,INST_070,1,0.5089743589743589,0.010256410256410331,8.3
INST_036,2,0.4974358974358974,INST_067,1,0.5076923076923078,0.010256410256410387,5.033333333333334
INST_034,2,0.4974358974358974,INST_067,1,0.5076923076923078,0.010256410256410387,4.533333333333333
INST_019,1,0.4692307692307693,INST_022,2,0.4589743589743589,0.010256410256410387,4.033333333333333
INST_011,1,0.45128205128205134,INST_071,2,0.46282051282051284,0.011538461538461497,7.15
INST_071,2,0.46282051282051284,INST_079,1,0.45128205128205134,0.011538461538461497,7.15
INST_036,2,0.4974358974358974,INST_057,1,0.4858974358974359,0.011538461538461497,6.983333333333334
INST_001,2,0.5192307692307693,INST_067,1,0.5076923076923078,0.011538461538461497,6.983333333333333
INST_034,2,0.4974358974358974,INST_057,1,0.4858974358974359,0.011538461538461497,6.483333333333333
INST_032,1,0.4858974358974359,INST_036,2,0.4974358974358974,0.011538461538461497,5.816666666666666
INST_032,1,0.4858974358974359,INST_034,2,0.4974358974358974,0.011538461538461497,5.316666666666666
INST_065,2,0.5615384615384615,INST_080,1,0.55,0.011538461538461497,4.316666666666666
INST_007,1,0.55,INST_065,2,0.5615384615384615,0.011538461538461497,3.6500000000000004
INST_036,2,0.4974358974358974,INST_070,1,0.5089743589743589,0.011538461538461553,6.3500000000000005
INST_034,2,0.4974358974358974,INST_070,1,0.5089743589743589,0.011538461538461553,5.8500000000000005
INST_013,1,0.4282051282051282,INST_054,2,0.43974358974358974,0.011538461538461553,4.816666666666666
INST_035,1,0.4897435897435898,INST_041,2,0.47820512820512817,0.011538461538461608,9.016666666666667
INST_058,1,0.6141025641025641,INST_074,2,0.6025641025641025,0.011538461538461608,8.183333333333334
INST_002,1,0.5115384615384616,INST_051,2,0.5,0.011538461538461608,7.85
INST_011,1,0.45128205128205134,INST_054,2,0.43974358974358974,0.011538461538461608,7.85
INST_054,2,0.43974358974358974,INST_079,1,0.45128205128205134,0.011538461538461608,7.85
INST_004,1,0.6141025641025641,INST_074,2,0.6025641025641025,0.011538461538461608,7.183333333333334
INST_056,1,0.6141025641025641,INST_074,2,0.6025641025641025,0.011538461538461608,7.183333333333334
INST_039,2,0.5166666666666666,INST_043,1,0.5282051282051282,0.011538461538461608,7.016666666666667
INST_029,1,0.5910256410256409,INST_074,2,0.6025641025641025,0.011538461538461608,5.983333333333333
INST_022,2,0.4589743589743589,INST_075,1,0.47051282051282056,0.011538461538461664,8.516666666666666
INST_047,1,0.4269230769230769,INST_054,2,0.43974358974358974,0.01282051282051283,4.666666666666667
INST_010,1,0.47564102564102567,INST_071,2,0.46282051282051284,0.01282051282051283,4.5
INST_024,1,0.5756410256410256,INST_065,2,0.5615384615384615,0.014102564102564052,6.816666666666667
INST_021,1,0.4641025641025641,INST_041,2,0.47820512820512817,0.014102564102564052,6.5166666666666675
INST_051,2,0.5,INST_057,1,0.4858974358974359,0.014102564102564108,8.683333333333334
INST_032,1,0.4858974358974359,INST_051,2,0.5,0.014102564102564108,7.5166666666666675
INST_071,2,0.46282051282051284,INST_072,1,0.47692307692307695,0.014102564102564108,7.483333333333333
INST_041,2,0.47820512820512817,INST_061,1,0.4923076923076923,0.014102564102564108,6.15
INST_037,2,0.6282051282051283,INST_058,1,0.6141025641025641,0.014102564102564163,7.85
INST_068,1,0.5884615384615384,INST_074,2,0.6025641025641025,0.014102564102564163,7.5166666666666675
INST_074,2,0.6025641025641025,INST_081,1,0.5884615384615384,0.014102564102564163,7.5166666666666675
INST_004,1,0.6141025641025641,INST_037,2,0.6282051282051283,0.014102564102564163,6.85
INST_037,2,0.6282051282051283,INST_056,1,0.6141025641025641,0.014102564102564163,6.85
INST_025,1,0.7192307692307692,INST_027,2,0.7051282051282051,0.014102564102564163,3.8166666666666664
INST_002,1,0.5115384615384616,INST_034,2,0.4974358974358974,0.014102564102564219,6.15
INST_002,1,0.5115384615384616,INST_036,2,0.4974358974358974,0.014102564102564219,6.1499999999999995
INST_022,2,0.4589743589743589,INST_053,1,0.4730769230769231,0.014102564102564219,5.983333333333333
INST_054,2,0.43974358974358974,INST_064,1,0.42435897435897435,0.015384615384615385,3.2
INST_054,2,0.43974358974358974,INST_066,1,0.42435897435897435,0.015384615384615385,3.2
INST_001,2,0.5192307692307693,INST_023,1,0.5358974358974359,0.016666666666666607,5.116666666666667
INST_010,1,0.47564102564102567,INST_022,2,0.4589743589743589,0.016666666666666774,5.616666666666667
INST_001,2,0.5192307692307693,INST_049,1,0.5371794871794872,0.017948717948717885,9.100000000000001
INST_028,1,0.4217948717948718,INST_054,2,0.43974358974358974,0.01794871794871794,6.3999999999999995
INST_022,2,0.4589743589743589,INST_072,1,0.47692307692307695,0.01794871794871805,8.600000000000001
INST_023,1,0.5358974358974359,INST_039,2,0.5166666666666666,0.019230769230769273,2.4166666666666665
INST_036,2,0.4974358974358974,INST_072,1,0.47692307692307695,0.02051282051282044,9.1
INST_034,2,0.4974358974358974,INST_072,1,0.47692307692307695,0.02051282051282044,8.100000000000001
INST_059,1,0.582051282051282,INST_065,2,0.5615384615384615,0.02051282051282044,6.233333333333333
INST_054,2,0.43974358974358974,INST_055,1,0.41923076923076924,0.020512820512820495,7.433333333333333
INST_022,2,0.4589743589743589,INST_033,1,0.4384615384615384,0.020512820512820495,4.1000000000000005
INST_059,1,0.582051282051282,INST_074,2,0.6025641025641025,0.02051282051282055,7.933333333333334
INST_048,1,0.541025641025641,INST_065,2,0.5615384615384615,0.02051282051282055,6.766666666666667
INST_039,2,0.5166666666666666,INST_049,1,0.5371794871794872,0.02051282051282055,5.8999999999999995
INST_006,1,0.6076923076923076,INST_037,2,0.6282051282051283,0.020512820512820662,7.933333333333334
INST_001,2,0.5192307692307693,INST_048,1,0.541025641025641,0.021794871794871717,9.549999999999999
INST_010,1,0.47564102564102567,INST_036,2,0.4974358974358974,0.021794871794871717,5.616666666666667
INST_010,1,0.47564102564102567,INST_034,2,0.4974358974358974,0.021794871794871717,5.116666666666667
INST_051,2,0.5,INST_072,1,0.47692307692307695,0.02307692307692305,10.3
INST_057,1,0.4858974358974359,INST_071,2,0.46282051282051284,0.02307692307692305,5.866666666666666
INST_032,1,0.4858974358974359,INST_071,2,0.46282051282051284,0.02307692307692305,4.7
INST_036,2,0.4974358974358974,INST_053,1,0.4730769230769231,0.024358974358974272,5.9833333333333325
INST_034,2,0.4974358974358974,INST_053,1,0.4730769230769231,0.024358974358974272,5.483333333333333
INST_022,2,0.4589743589743589,INST_073,1,0.4346153846153846,0.024358974358974272,4.15
INST_010,1,0.47564102564102567,INST_051,2,0.5,0.024358974358974328,7.316666666666667
INST_039,2,0.5166666666666666,INST_061,1,0.4923076923076923,0.024358974358974328,5.15
INST_021,1,0.4641025641025641,INST_054,2,0.43974358974358974,0.024358974358974383,6.35
INST_039,2,0.5166666666666666,INST_048,1,0.541025641025641,0.024358974358974383,6.35
INST_049,1,0.5371794871794872,INST_065,2,0.5615384615384615,0.024358974358974383,6.316666666666667
INST_033,1,0.4384615384615384,INST_071,2,0.46282051282051284,0.02435897435897444,3.4833333333333334
INST_023,1,0.5358974358974359,INST_065,2,0.5615384615384615,0.02564102564102566,2.333333333333333
INST_011,1,0.45128205128205134,INST_041,2,0.47820512820512817,0.026923076923076827,8.516666666666666
INST_036,2,0.4974358974358974,INST_075,1,0.47051282051282056,0.026923076923076827,8.516666666666666
INST_041,2,0.47820512820512817,INST_079,1,0.45128205128205134,0.026923076923076827,8.516666666666666
INST_034,2,0.4974358974358974,INST_075,1,0.47051282051282056,0.026923076923076827,8.016666666666666
INST_035,1,0.4897435897435898,INST_039,2,0.5166666666666666,0.026923076923076827,7.516666666666667
INST_065,2,0.5615384615384615,INST_068,1,0.5884615384615384,0.026923076923076827,5.816666666666666
INST_065,2,0.5615384615384615,INST_081,1,0.5884615384615384,0.026923076923076827,5.816666666666666
INST_051,2,0.5,INST_053,1,0.4730769230769231,0.026923076923076883,7.683333333333334
INST_024,1,0.5756410256410256,INST_074,2,0.6025641025641025,0.02692307692307694,8.516666666666667
INST_035,1,0.4897435897435898,INST_071,2,0.46282051282051284,0.02692307692307694,7.65
INST_001,2,0.5192307692307693,INST_061,1,0.4923076923076923,0.026923076923076994,7.8500000000000005
INST_022,2,0.4589743589743589,INST_057,1,0.4858974358974359,0.026923076923076994,6.983333333333334
INST_022,2,0.4589743589743589,INST_032,1,0.4858974358974359,0.026923076923076994,5.816666666666666
INST_019,1,0.4692307692307693,INST_036,2,0.4974358974358974,0.028205128205128105,4.033333333333334
INST_019,1,0.4692307692307693,INST_034,2,0.4974358974358974,0.028205128205128105,4.033333333333333
INST_043,1,0.5282051282051282,INST_051,2,0.5,0.028205128205128216,9.466666666666667
INST_071,2,0.46282051282051284,INST_073,1,0.4346153846153846,0.028205128205128216,3.033333333333333
INST_029,1,0.5910256410256409,INST_065,2,0.5615384615384615,0.029487179487179382,4.283333333333333
INST_051,2,0.5,INST_075,1,0.47051282051282056,0.029487179487179438,10.216666666666667
INST_061,1,0.4923076923076923,INST_071,2,0.46282051282051284,0.029487179487179438,4.783333333333333
INST_001,2,0.5192307692307693,INST_035,1,0.4897435897435898,0.029487179487179493,10.716666666666667
INST_019,1,0.4692307692307693,INST_054,2,0.43974358974358974,0.02948717948717955,3.1166666666666667
INST_041,2,0.47820512820512817,INST_067,1,0.5076923076923078,0.029487179487179604,5.283333333333333
INST_039,2,0.5166666666666666,INST_057,1,0.4858974358974359,0.030769230769230715,6.233333333333333
INST_013,1,0.4282051282051282,INST_022,2,0.4589743589743589,0.030769230769230715,5.733333333333333
INST_019,1,0.4692307692307693,INST_051,2,0.5,0.030769230769230715,5.733333333333333
INST_032,1,0.4858974358974359,INST_039,2,0.5166666666666666,0.030769230769230715,5.066666666666666
INST_001,2,0.5192307692307693,INST_080,1,0.55,0.03076923076923077,7.1000000000000005
INST_041,2,0.47820512820512817,INST_070,1,0.5089743589743589,0.03076923076923077,6.6000000000000005
INST_001,2,0.5192307692307693,INST_007,1,0.55,0.03076923076923077,5.266666666666667
INST_054,2,0.43974358974358974,INST_075,1,0.47051282051282056,0.030769230769230826,8.1
INST_034,2,0.4974358974358974,INST_043,1,0.5282051282051282,0.030769230769230826,7.766666666666667
INST_036,2,0.4974358974358974,INST_043,1,0.5282051282051282,0.030769230769230826,7.766666666666667
INST_022,2,0.4589743589743589,INST_035,1,0.4897435897435898,0.030769230769230882,8.766666666666667
INST_005,1,0.5974358974358974,INST_037,2,0.6282051282051283,0.030769230769230882,5.566666666666666
INST_022,2,0.4589743589743589,INST_047,1,0.4269230769230769,0.03205128205128199,5.083333333333333
INST_003,1,0.6615384615384615,INST_037,2,0.6282051282051283,0.033333333333333215,5.066666666666666
INST_021,1,0.4641025641025641,INST_036,2,0.4974358974358974,0.03333333333333327,6.2666666666666675
INST_021,1,0.4641025641025641,INST_034,2,0.4974358974358974,0.03333333333333327,5.7666666666666675
INST_043,1,0.5282051282051282,INST_065,2,0.5615384615384615,0.033333333333333326,6.933333333333334
INST_001,2,0.5192307692307693,INST_045,1,0.5525641025641026,0.033333333333333326,6.7333333333333325
INST_001,2,0.5192307692307693,INST_057,1,0.4858974358974359,0.03333333333333338,8.933333333333334
INST_001,2,0.5192307692307693,INST_032,1,0.4858974358974359,0.03333333333333338,7.7666666666666675
INST_022,2,0.4589743589743589,INST_061,1,0.4923076923076923,0.03333333333333338,5.9
INST_053,1,0.4730769230769231,INST_054,2,0.43974358974358974,0.03333333333333338,5.566666666666666
INST_002,1,0.5115384615384616,INST_041,2,0.47820512820512817,0.03333333333333344,6.4
INST_039,2,0.5166666666666666,INST_080,1,0.55,0.03333333333333344,4.4
INST_007,1,0.55,INST_039,2,0.5166666666666666,0.03333333333333344,2.566666666666667
INST_022,2,0.4589743589743589,INST_064,1,0.42435897435897435,0.03461538461538455,3.45
INST_022,2,0.4589743589743589,INST_066,1,0.42435897435897435,0.03461538461538455,3.45
INST_013,1,0.4282051282051282,INST_071,2,0.46282051282051284,0.03461538461538466,4.616666666666666
INST_021,1,0.4641025641025641,INST_051,2,0.5,0.03589743589743588,7.966666666666667
INST_023,1,0.5358974358974359,INST_051,2,0.5,0.03589743589743588,4.866666666666667
INST_005,1,0.5974358974358974,INST_065,2,0.5615384615384615,0.03589743589743588,4.2
INST_010,1,0.47564102564102567,INST_054,2,0.43974358974358974,0.035897435897435936,5.2
INST_047,1,0.4269230769230769,INST_071,2,0.46282051282051284,0.035897435897435936,4.366666666666667
INST_039,2,0.5166666666666666,INST_045,1,0.5525641025641026,0.03589743589743599,4.033333333333333
INST_022,2,0.4589743589743589,INST_028,1,0.4217948717948718,0.0371794871794871,6.816666666666666
INST_049,1,0.5371794871794872,INST_051,2,0.5,0.03717948717948716,8.850000000000001
INST_054,2,0.43974358974358974,INST_078,1,0.4025641025641026,0.03717948717948716,4.983333333333333
INST_054,2,0.43974358974358974,INST_072,1,0.47692307692307695,0.037179487179487214,8.183333333333334
INST_029,1,0.5910256410256409,INST_037,2,0.6282051282051283,0.03717948717948738,5.6499999999999995
INST_023,1,0.5358974358974359,INST_036,2,0.4974358974358974,0.03846153846153849,3.166666666666667
INST_064,1,0.42435897435897435,INST_071,2,0.46282051282051284,0.03846153846153849,3.0
INST_066,1,0.42435897435897435,INST_071,2,0.46282051282051284,0.03846153846153849,3.0
INST_023,1,0.5358974358974359,INST_034,2,0.4974358974358974,0.03846153846153849,2.6666666666666665
INST_022,2,0.4589743589743589,INST_055,1,0.41923076923076924,0.03974358974358966,7.8500000000000005
INST_039,2,0.5166666666666666,INST_072,1,0.47692307692307695,0.03974358974358966,7.8500000000000005
INST_012,1,0.5628205128205128,INST_074,2,0.6025641025641025,0.03974358974358971,8.183333333333334
INST_016,1,0.4,INST_054,2,0.43974358974358974,0.03974358974358971,7.683333333333333
INST_036,2,0.4974358974358974,INST_049,1,0.5371794871794872,0.03974358974358977,7.15
INST_034,2,0.4974358974358974,INST_049,1,0.5371794871794872,0.03974358974358977,6.65
INST_033,1,0.4384615384615384,INST_041,2,0.47820512820512817,0.03974358974358977,4.3500000000000005
INST_037,2,0.6282051282051283,INST_068,1,0.5884615384615384,0.039743589743589935,7.183333333333334
INST_037,2,0.6282051282051283,INST_081,1,0.5884615384615384,0.039743589743589935,7.183333333333334
INST_010,1,0.47564102564102567,INST_039,2,0.5166666666666666,0.041025641025640935,4.366666666666667
INST_048,1,0.541025641025641,INST_051,2,0.5,0.04102564102564099,9.3
INST_028,1,0.4217948717948718,INST_071,2,0.46282051282051284,0.041025641025641046,5.699999999999999
INST_001,2,0.5192307692307693,INST_072,1,0.47692307692307695,0.042307692307692324,10.55
INST_039,2,0.5166666666666666,INST_053,1,0.4730769230769231,0.04358974358974349,4.733333333333333
INST_001,2,0.5192307692307693,INST_012,1,0.5628205128205128,0.043589743589743546,9.266666666666667
INST_041,2,0.47820512820512817,INST_073,1,0.4346153846153846,0.043589743589743546,4.4
INST_003,1,0.6615384615384615,INST_027,2,0.7051282051282051,0.043589743589743546,4.066666666666666
INST_036,2,0.4974358974358974,INST_048,1,0.541025641025641,0.0435897435897436,7.6
INST_001,2,0.5192307692307693,INST_010,1,0.47564102564102567,0.0435897435897436,7.566666666666667
INST_034,2,0.4974358974358974,INST_048,1,0.541025641025641,0.0435897435897436,7.1
INST_055,1,0.41923076923076924,INST_071,2,0.46282051282051284,0.0435897435897436,6.733333333333333
INST_067,1,0.5076923076923078,INST_071,2,0.46282051282051284,0.044871794871794934,3.9166666666666665
INST_011,1,0.45128205128205134,INST_036,2,0.4974358974358974,0.046153846153846045,8.266666666666666
INST_036,2,0.4974358974358974,INST_079,1,0.45128205128205134,0.046153846153846045,8.266666666666666
INST_011,1,0.45128205128205134,INST_034,2,0.4974358974358974,0.046153846153846045,7.766666666666667
INST_034,2,0.4974358974358974,INST_079,1,0.45128205128205134,0.046153846153846045,7.766666666666667
INST_039,2,0.5166666666666666,INST_075,1,0.47051282051282056,0.046153846153846045,7.266666666666667
INST_006,1,0.6076923076923076,INST_065,2,0.5615384615384615,0.0461538461538461,6.566666666666666
INST_070,1,0.5089743589743589,INST_071,2,0.46282051282051284,0.0461538461538461,5.8999999999999995
INST_001,2,0.5192307692307693,INST_053,1,0.4730769230769231,0.046153846153846156,7.933333333333334
INST_054,2,0.43974358974358974,INST_057,1,0.4858974358974359,0.046153846153846156,6.566666666666666
INST_032,1,0.4858974358974359,INST_054,2,0.43974358974358974,0.046153846153846156,5.4
INST_012,1,0.5628205128205128,INST_039,2,0.5166666666666666,0.04615384615384621,6.066666666666666
INST_037,2,0.6282051282051283,INST_059,1,0.582051282051282,0.04615384615384632,7.6000000000000005
INST_019,1,0.4692307692307693,INST_039,2,0.5166666666666666,0.04743589743589732,3.7833333333333337
INST_011,1,0.45128205128205134,INST_051,2,0.5,0.048717948717948656,9.966666666666667
INST_051,2,0.5,INST_079,1,0.45128205128205134,0.048717948717948656,9.966666666666667
INST_001,2,0.5192307692307693,INST_075,1,0.47051282051282056,0.04871794871794871,10.466666666666667
INST_002,1,0.5115384615384616,INST_071,2,0.46282051282051284,0.04871794871794877,5.533333333333333
INST_022,2,0.4589743589743589,INST_067,1,0.5076923076923078,0.04871794871794888,5.033333333333333
INST_045,1,0.5525641025641026,INST_074,2,0.6025641025641025,0.04999999999999993,5.6499999999999995
INST_002,1,0.5115384615384616,INST_065,2,0.5615384615384615,0.04999999999999993,5.3166666666666655
INST_001,2,0.5192307692307693,INST_019,1,0.4692307692307693,0.04999999999999999,5.983333333333333
INST_013,1,0.4282051282051282,INST_041,2,0.47820512820512817,0.04999999999999999,5.983333333333333
