institution_id,PC1,PC2,PC3,PC4,PC5,PC6,PC7,PC8,PC9,PC10,PC11,PC12,PC13
INST_001,6.260608295242709,-0.43159550667146085,1.4413448730909642,0.6761615838975418,-0.21412407990600246,0.12479132403264405,0.2867481536463023,-0.8450582501146783,-0.2333613642607838,-0.09418291109786497,-0.35286205495619366,0.09928600225641332,-0.14650592842962012
INST_002,-0.8464983712151617,0.9755962825570531,-0.8404982200084237,-0.6220299871319185,-1.3509298132894603,1.0015838377739295,-0.9359764605566775,-1.3667677944496228,-0.7330696542051397,-0.3525568085914629,0.5501150540981186,0.30730149786151223,-0.3348201748283488
INST_003,0.85014614703396,2.431757952855486,0.17118408343098585,1.5065156488683182,0.44003921601468554,-0.21251674710771426,0.9956019353148847,0.41693845265817964,0.2886262003784684,-0.004119043496270493,0.5316233651898553,-0.3432663490331521,-0.08017405633872371
INST_004,-0.7611178897012668,2.206374004403595,-0.36254878689947084,0.25436070342302725,0.1330355418027669,-0.41127285666071256,0.048867847242405775,-0.8557621350432261,0.9097242640169569,0.23942584589090324,-0.26870037620061726,-0.04576661963403162,0.15390853643886446
INST_005,0.4425809383822098,1.968483401978746,-1.071874019789241,0.1620957101004435,0.2423979122470219,-0.648718783865677,0.5645567140742266,-0.09238863342334462,0.6677196941168652,0.5545957976108811,-0.3620204985217635,0.12154911043906294,-0.41053742865581894
INST_006,-1.8394904643529952,1.9256455199724316,1.331473461725852,-0.47442221365711806,0.018746256362330474,-0.8581318359186544,-0.13912985107176265,-0.4119012400529133,0.21787338525160893,-0.09331183987892086,-0.09409016502452781,-0.12187741600173806,-0.007434433429167943
INST_007,1.4235706318391035,0.8233658578987865,0.43961675456854965,1.0746363747154648,-0.22211553310958707,1.3425370471534568,-0.5818269246906492,-0.7016473526278874,0.9262770481730617,0.22561202360562402,0.9685064385786238,-0.5202190303853946,0.2791323839152956
INST_008,-0.93285285424213,-2.239231571798991,1.0357632059138704,0.7935946856675382,-0.27697565176372957,-0.7801975346726543,-1.101155458303135,0.3296583486299526,-0.0180186100452128,0.09963913495380423,0.09971133775829037,-0.5038759687781645,-0.33661261136276655
INST_009,0.4528548914395302,-1.7197888180745873,0.21401906144698313,-1.588800759429834,1.0860153604008684,1.7654334137851244,0.7596071435761419,0.16410036413377832,-0.43833207554817677,1.2125654195415,0.13074014256628003,-0.8349144177256933,-0.02375393702201813
INST_010,-0.5309547769252618,0.417402695572358,-0.6705667323014489,-0.4460876308851629,-1.6156587992654385,-0.11674059294314526,-0.6849345160382683,0.32792060378871724,-0.018320346326650104,0.4301108483170286,0.5829783466310776,0.7674466043113877,-0.13836278137649638
INST_011,-3.179216584846756,0.20244672576799033,1.5698484712604968,-0.2509027787377986,0.148305736894103,0.20859780830770422,-0.36635939741338164,-0.13297106659872351,0.29400769548018857,-0.14714223191355788,-0.026511680996370916,0.2649076196459279,0.04405439903158732
INST_012,-2.077942329227128,1.2334022001261036,2.206412460132549,-0.28509479392817816,0.4157109490672369,-0.2636199306562132,0.41683117811254783,1.2587426841922478,-0.15009589298637455,-0.13302776689561338,-0.006560191965682486,-0.07987790083203088,-0.12712913121627656
INST_013,-0.08611659124868194,0.3089714903301549,-2.552497699955561,-0.38058134267190297,-0.08015546815176218,-0.023611991783683846,0.29689249751324487,0.2165196764602549,-0.4765572838178222,-0.22917331714139258,-0.40775135887348196,0.14499548517892788,0.3816691310837508
INST_014,-2.5357272643447577,0.018566256158339053,-1.8543776699687562,-0.0430770201919547,0.6869933833796087,-0.5220164902067116,-0.4573087102276968,-0.370794525751746,-0.029711193681828563,-0.06933341130822174,-0.3232513970958949,-0.22202490268836286,0.04488710768588446
INST_015,-0.7423848044872825,-3.815182390066078,0.7336871555166774,0.2638995844290512,0.11239516004794292,0.39819689813963977,1.2405634970711572,-0.07847378189809497,-0.0002409089924226729,-0.09862141939853944,-0.6179662585422845,0.33999538358286646,-0.202616788079584
INST_016,-2.673204630051783,0.3736493479781133,-2.205783554561275,0.5170431436840958,0.8653456436806818,-0.18428772992253448,-0.311591736904079,-0.3960632550809054,-0.16102705578035445,-0.3345716323376439,-0.12307532822982604,-0.13026162260180396,-0.15415043999616462
INST_017,-2.6575892837680706,-1.493360611332283,2.2540124428735924,-0.05086115657148552,-0.4092772144095469,-0.14122180365951106,0.5870118422212506,-0.23098448134616573,0.10361302673397392,0.20634764047524715,0.1748955025520606,0.16718032382829037,0.09335807974599991
INST_018,-0.15514499262567058,-4.4029590030822305,-0.18480423087371178,0.2880977058558415,0.5437399888158193,0.23460452028746745,0.47790480621789916,-0.29843182766777504,0.10901044816266921,-0.025330437446740666,0.20023440088787267,0.1216915356514865,0.16388964402729003
INST_019,1.3381373512680281,0.039122761083413816,0.02224433484405582,-1.2845949741950056,1.3637393520998882,-0.04939514517826165,-1.1078240524422114,0.5952144948932657,0.5346281175693302,0.18506316888534072,-0.6185394629487736,0.23187395099758812,-0.08951683659094252
INST_020,-0.39929846387757173,-1.1964150768550006,1.8777483887985484,0.7101985025981395,-0.11687493460792506,-1.2538952064528899,-0.35671036326360495,1.0645651971060124,-0.503617414142228,0.21139880562898503,0.5517592444373006,-0.294586729552417,-0.052024740379326855
INST_021,-1.2546733054875319,0.5028746711976495,-1.3090607630164401,-0.012156483329488875,-0.9557092373653683,1.0666045203163839,-0.8656932648400117,0.7791786687913602,1.034457085479792,-0.5285886661223579,-0.10500079641656922,0.195773582642931,0.2489631087983003
INST_022,4.358407112016771,-0.6988541012353721,0.25790644516262007,0.3428632992964009,-0.5565113729553459,-0.06671356419816254,-0.02895944354614779,0.48103205685842065,0.4952353836463415,0.06065193143401486,-0.4738072471480771,0.06176101419743568,-0.01518532206032389
INST_023,1.8462818853771537,0.7241356598694619,0.2403718269578773,0.14018448094218644,0.5069141053572507,-0.9284326411864914,0.041725619273871556,1.0908274107904157,-0.2731795134058656,0.0121991450403952,0.39077774260407067,0.09484120335818963,-0.010071202602096601
INST_024,-2.234790567446179,1.508469047315873,1.8692059320775043,-0.505448956867557,0.13772639137614529,-0.08815203711919375,0.2587348786433897,0.17912581545791004,-0.748541164062553,0.17334190179116502,-0.38107285949732916,-0.0021979627293267994,0.1628409452094036
INST_025,1.1586608454311282,2.9871079345539306,0.49347740389978617,0.9336477583857734,0.0813959872150933,0.552003475868953,1.294678745943782,0.1635825420239719,0.05479483954793715,-0.05174693834236185,0.24053994938242576,-0.189701325220218,-0.26088688436693946
INST_026,-1.5660585492389576,0.11951119204612834,-2.8378126748346286,0.477558278441143,0.4448939270067671,-0.4957579046165859,0.6850808285794275,0.2797104594094035,-0.38363989475954446,0.23008556030579533,0.5092817034042834,0.15036737678268491,-0.46912558045118313
INST_027,4.827725493743068,2.4106433415561774,-0.11511141029748995,-0.4542093514811339,0.5502429797789072,-0.3243516850678793,0.1838579809512803,-0.9155242396262417,-0.3169590639668695,0.38031340096413535,-0.42194019036478986,0.12608370025906201,0.05222790154464007
INST_028,-1.624536575987921,0.009749896657132169,-1.0088604365552434,0.39184702061412013,-1.5039307030798155,-1.024256659991098,-0.48127771239054784,0.5131565260811211,0.0714631901297314,0.4134289486269469,-0.5007499068394174,-0.30033622129256843,-0.08833282822696457
INST_029,0.32942587899031944,1.62787703973093,0.23062135866179384,-0.3991157301923185,-0.14865548572536086,-0.9659989410992852,-0.7186070108788367,-0.7332902309994344,-0.41165944967820156,-0.43629404808187633,0.1821286645725046,0.09861288187488297,0.6541352625515235
INST_030,0.04887182092104615,2.6863771165312187,2.061501654831711,-0.11329430606855635,0.12436903064831917,-0.16138404682438165,-0.12702459443202138,1.1296434335770376,0.04842464956311918,0.3239958350690536,0.10673257237690846,-0.32884984750035295,0.5250699514397938
INST_031,-0.4732634116681166,-3.9435044711132683,-0.13812109537303174,0.684462618648122,0.01102113179589183,0.08193619394300022,0.22185789237586964,-0.30598991449668966,-0.027935954915374678,0.32654539466547655,-0.2292018428803543,-0.21516466579631768,0.3476378919026347
INST_032,-0.7303706793632334,0.4952888493733828,0.7458647646547227,-0.5635385701779729,1.332920255672948,-0.2667301125816221,-0.13917946456081073,-0.44973117458869594,0.17209293860997335,-0.10935806278155466,0.1472191666440147,0.0384142108560171,0.011884066711274777
INST_033,0.9346661252167158,-0.2660987781609442,-0.9224202845049224,-2.090186183986601,-0.9088984931118748,0.7987339939727951,0.000459328771897656,-0.0987919730527044,1.392348961528857,-0.010571960071858804,0.41472238548593754,-0.4471395500061323,-0.23147398527605195
INST_034,3.971132199101662,-0.1290285091354778,0.17882776444975515,0.8284042528319187,-0.4449407500000759,0.2469988277259411,0.19384906201857405,0.36437827546851176,0.3881337592794566,-0.007611959890887952,0.3477501718863415,0.20705007071548626,-0.010664115431033587
INST_035,-3.519038883760467,0.7799307225007934,1.4884664422367626,0.10647756812464616,0.34176401042492205,0.6741558544217693,0.27646380782179214,-0.05618209501928009,0.11288862914228306,-0.3925604060697485,-0.13873836631285985,0.5453434199923942,-0.3050736547969532
INST_036,4.497956068801654,-0.016456576027779547,-0.2725716456461636,-0.4549838103287841,0.778277184465236,0.6123530983086616,0.2624222008244669,0.38614388914796616,-0.9292358435957774,-0.5379650504918044,0.6917205925077387,0.20978345169999904,0.6981590478473766
INST_037,5.456361066188413,1.2856895622572517,0.10300006721514415,-0.6993137601152744,-0.03508574173171914,-0.7793154777740943,-0.030579917001135305,-0.9651272154931193,-0.013361050037992562,0.213437578528789,0.030623391441789924,0.08325040165186764,0.19719435801227014
INST_038,-2.0031018701466183,-2.15290492143846,1.4416375278563685,0.4291976877962587,-0.3727076035232363,-0.37286400695921285,-0.4842921538429651,-0.3437148311026222,0.1790051974810921,-0.030266782975735176,0.1783196607488262,-0.2636904931230157,0.1899803377276434
INST_039,3.4211203755342776,0.07345586916159351,0.7614930876299214,1.1916418948883638,-0.23601561165274546,-0.21821683356929822,-0.2613336019486797,0.24105497833383294,0.16190511069264132,-0.16471612016518794,0.07955323635083171,-0.22172515461601836,-0.3045955218750464
INST_040,-0.8074306703166485,-0.510636942119716,-1.2641074060605844,-0.06259068075730564,-1.1526175575166402,-0.785884028946389,-0.7401031763295522,-0.0721373756973544,-0.14722156586521956,-0.017375045434919214,0.2919024488029334,-0.39720657641481283,-0.3343068081393374
INST_041,4.655049665438911,-0.5373855031302307,0.319366466726744,0.08205069370364997,-0.7228110711823518,0.14682002633196695,-0.04672558941562575,-0.009762230840366237,0.08980102033396728,0.0015438163575972647,-0.4229938894565105,-0.1832930221127055,-0.22750156024384377
INST_042,0.07655648043719493,-2.3437960534580795,0.02769440936097723,-0.7957584041961056,0.28601923534641654,0.21051339059780924,0.29647483764590293,0.0325597710694993,-0.2277376316574862,0.44331737842144425,0.49310917893289236,0.1866001256799748,-0.2724371096209815
INST_043,-2.424857398174537,1.0033322488622824,1.422467996200729,-1.018257195324192,-0.4217553595794741,0.7885964473612288,-0.4441509758939913,-1.628754660476473,-1.0495968488586451,0.14034033066766885,-0.11011270062485665,-0.6480694981438655,-0.3428206478297363
INST_044,-0.15514499262567058,-4.4029590030822305,-0.18480423087371178,0.2880977058558415,0.5437399888158193,0.23460452028746745,0.47790480621789916,-0.29843182766777504,0.10901044816266921,-0.025330437446740666,0.20023440088787267,0.1216915356514865,0.16388964402729003
INST_045,0.25557333767035134,1.0017594818014373,0.5338099867060548,1.0343705469633877,-0.8167046404516822,1.3583666802284282,-0.4330672462124719,1.211397446779385,-0.6146790255412083,0.3409144747117737,-0.520917627162024,0.26318867987290784,0.2108576662008784
INST_046,-2.0451817366170446,-1.6603837626928637,0.4556806110937673,0.10764925681094151,-0.6453106309172574,-0.8599298917907803,-0.6724242908079751,-0.2568577812588927,0.2454502702514902,-0.20212711495884683,-0.6065593149437744,-0.40162380792679253,0.04628567473879658
INST_047,0.05720045475144045,-0.029574864033507627,-1.267460458057777,-0.02934653198719929,-0.2313501952206853,-0.3927429706749531,-1.3476556282739363,0.23858988888174543,-0.8332545777546603,1.4339454512210617,0.12509389783296854,0.6458947924273644,-0.13374040630719247
INST_048,-2.399406311294708,1.0440540433986287,2.1313957441907307,-0.6329853700380713,0.20535492319678086,0.2534342701175424,0.4417305725505796,0.0839025679130324,-0.33291748226470497,-0.5388361764793221,-0.18611710726937206,-0.32694475817842245,0.1336793315257653
INST_049,-1.7845569791442335,1.1099290051636312,1.3072095277886862,0.3169068341707722,0.438916277585834,0.20636593823203309,-0.14525277131347614,0.16658516806228552,-0.726966605251629,-0.7734976036264878,-0.25383429391386675,0.025182029525202803,-0.3397385183267294
INST_050,-1.2507751722891174,-2.4421130514932328,0.9688571960468424,0.8189697281290519,-0.31749850943525626,-0.7576610991288988,-1.2169924710306383,-0.23576350162420948,-0.08372806340730625,0.0003100109065210517,-0.08957359476173754,-0.003326985505949388,-0.08439996444280239
INST_051,5.963965741820562,-0.5930641047766018,1.3798848515268407,0.9369741894902931,-0.04782438167899761,-0.08874226649748572,0.30451429951577863,-0.3542639624158919,0.1720729990515899,-0.03507479602144784,-0.40367541264776013,0.34434003856655526,0.06581030975390018
INST_052,-0.15514499262567058,-4.4029590030822305,-0.18480423087371178,0.2880977058558415,0.5437399888158193,0.23460452028746745,0.47790480621789916,-0.29843182766777504,0.10901044816266921,-0.025330437446740666,0.20023440088787267,0.1216915356514865,0.16388964402729003
INST_053,-0.9655522199281461,0.46475663579416354,-0.5146430801388335,0.28543122310977836,-0.709584896216657,1.002460341824695,-0.6980596922384887,0.16136990263774542,-0.07445223912205015,0.30468145569772825,0.5652298040560786,0.20345311672249447,0.027809230985470234
INST_054,4.117809482650332,-0.7098503020764914,-0.5459163833407147,-0.8406243602528359,-0.48637587626311257,-0.4430808548170609,0.09275502906754574,0.36572926078214213,-0.6026500529782035,-0.5097374066825249,-0.02959772500740601,-0.11637649540076629,-0.402923324680172
INST_055,-2.458987551870072,0.5451298266583884,-2.214974111225383,0.4077276758079088,0.6578960998783496,0.23886961669411616,-0.4918550123172599,-0.26068257892492946,0.060379150940867786,-0.3429114589805492,-0.15256934754626386,0.07968491726136401,0.027543476305630803
INST_056,-0.716045309960051,2.418482293033278,-1.0923983467448088,0.4331993546986559,0.7729446573312082,0.01852209743106653,0.4261385935358768,-0.8968735083248597,0.7880533505947638,0.08711870055974386,0.12487084373049342,0.2050378530409613,0.021196408570707
INST_057,-1.5856108625918037,1.0104623248695774,-1.2916068993169723,-0.03304885412393521,0.6245385435033349,-0.7003861012001853,-0.39023312251290404,0.39743529797168664,-0.244100586818242,0.0142663858508212,0.4117052444492352,0.008538356140645477,0.6612594011176106
INST_058,-1.7554617936437042,2.264656365182827,0.08027825916804039,0.08229673936177166,0.33128347622437904,-0.7750169195666369,0.7511430793570955,0.5835880587681906,0.43522232729143184,0.43013807294304335,0.30620734081876455,-0.2445954062682864,0.11594276798379236
INST_059,-1.685090416381511,1.5734649527664906,1.6936972900162803,0.4818255915447824,0.5364831814032275,-0.009320822442836718,0.11762772697576096,-0.4326419671650533,-0.0041017873489566,-0.38366405862975056,0.2695835293657919,0.05429340245710592,-0.2663360724337094
INST_060,-2.6575892837680706,-1.493360611332283,2.2540124428735924,-0.05086115657148552,-0.4092772144095469,-0.14122180365951106,0.5870118422212506,-0.23098448134616573,0.10361302673397392,0.20634764047524715,0.1748955025520606,0.16718032382829037,0.09335807974599991
INST_061,-0.5208944178229383,1.099084854262607,-2.1297815904035584,0.8350545590547659,-0.05834361545833163,-0.4167935325986303,0.6541994715694279,-0.5275142202997455,-0.11605948341123065,-0.20916924222943453,0.1519414015236418,-0.10311759425421273,0.008014693179034497
INST_062,-1.0333242116901526,-1.6878345243357784,-0.5774054856945113,-2.217597475315225,-0.32206811115691614,-0.8934978735331554,0.6265447265626969,0.5464012370271316,0.8561516923159607,0.12553367857284367,-0.20232250062784551,0.035001529969798446,0.07939273905944261
INST_063,-0.4470224063041801,-3.695695344056513,-0.8984339437566592,-0.10802993547000832,0.2043553240759953,-0.2764777329041735,0.36686420149399335,-0.3029598298847948,0.19966975866470843,-0.00021643972533295458,0.03673677536362164,0.037283997279201266,0.22375373534978255
INST_064,1.6948823324461972,-0.5354587110355565,0.11444430756569957,-0.12560735197949924,1.8663702639110393,0.6715865824676687,-1.3481727063062425,0.472416066872523,0.3624561492081446,-0.1251090967387209,0.05753698562410387,0.21937224919652495,-0.19832796944899267
INST_065,3.940334916856445,0.6950368116857948,-0.035324770697344215,-1.100036825996923,-0.189282055038498,-0.11837523645324227,0.24409317657239968,-0.023245493093183908,0.16933881981534019,0.3038703551360756,-0.1884135717168337,0.0737514359149407,-0.0937558712709377
INST_066,1.6948823324461972,-0.5354587110355565,0.11444430756569957,-0.12560735197949924,1.8663702639110393,0.6715865824676687,-1.3481727063062425,0.472416066872523,0.3624561492081446,-0.1251090967387209,0.05753698562410387,0.21937224919652495,-0.19832796944899267
INST_067,0.17097716390820258,0.8409458169500145,-0.4632143085901259,0.42804085158793825,0.6248835796259816,-0.3691234849758903,0.6700716281631806,0.28460077580428844,-0.3429964032774276,0.3449624112401604,-0.07106532679238356,0.02042451244776902,-0.5219391278617874
INST_068,-1.110381999672073,1.957580557080856,-0.4767093452474119,0.014862735708484804,-0.0313129993604291,-0.2196024643459169,-0.1369211188057273,-0.34792005187663655,0.21107368384592556,0.04656663059868545,-0.1707368493119264,-0.021352216134443203,0.28406484485718386
INST_069,-2.074837616498412,-0.7955944186221103,-1.8822160242048052,1.1678894618502722,0.2786654088757727,0.22677876501107805,0.6072332006409901,-0.3839647230015313,-0.2613313799038728,-0.25465980762116613,0.2490139048682365,0.07372090153028539,-0.12219039066200542
INST_070,-1.3033535898529367,0.9197139375108606,-0.5185612887137546,1.303198253767903,-0.9248241931869532,2.493988071925664,-0.3235881916128865,0.319869808714364,-0.12496427705603165,0.3981466969353944,-0.7409373021675868,-0.29251579574271674,0.25168621739507196
INST_071,3.4151724788119013,-0.3497158016298658,-0.6590998985475602,0.1398214409615451,-0.8142637867366572,0.2931896424459061,0.00292365291262117,0.863854160933953,0.17155193367667115,-1.0845095854367048,-0.14420952468961137,-0.23121563603779807,-0.053364083685199425
INST_072,-3.3335055712834576,0.8797138951563627,-0.33704817545128135,0.2348706806713089,-1.920912455196927,-0.09756004782279326,1.7564987278680366,-0.0689697682929798,0.056956457999652904,0.30741214433790975,-0.12109386939267296,0.5222708442803476,0.18851238552807847
INST_073,1.1689559976408195,-0.05775082757608573,-1.9451868921070967,-1.2239286842500994,-0.9836045607904541,0.2634080029430153,0.49736842291723027,0.4789826402133312,-0.3410811773573841,-0.34434791037554596,-0.05698626035430332,-0.24482177288754786,0.0937101126032011
INST_074,5.5656885344186815,0.7214007064216286,1.1950734553509104,0.07809539381099681,-0.15725793221926365,-0.3602994183900561,-0.1510930852470825,-0.9447565693236254,-0.11366530921636452,0.07539250510911889,0.0007258659009992508,0.008616747435718379,0.07100484687588622
INST_075,-3.381561518053442,0.4248476306810188,1.8398723268292818,-0.4536425957514043,0.16341175012384904,0.3364270941375922,0.13074683449817429,-0.030913365690120584,0.24420449124080895,-0.1273221850403263,-0.33891443517892883,0.4535801399058353,-0.10603610711490415
INST_076,-1.5554729412293278,0.15930394909516252,-2.9938700717540643,0.20300966950667057,0.763725000350681,0.28240786418902425,0.18233640754957453,0.38406694436868516,0.10669680843691293,-0.2751126777205796,-0.2869748103426379,-0.2555611569740062,-0.315990434783455
INST_077,0.7106752105464502,-2.223314444083312,-0.5499558532983942,-0.3141646935714949,-0.6873970948561147,-0.7598436994698241,0.020980874276621337,0.1005761307174437,-0.2360524192883025,-0.725323073134561,0.0802737405458611,-0.09636627873477317,0.16771604010601432
INST_078,-0.29726952928351874,-0.022302864809714305,-1.9664068788974054,0.012585828301829832,0.8585491883702014,0.053718661383456316,0.1598110703675739,0.05848100680873264,-0.9111017486320552,0.1663465083716419,-0.5550966105228838,-0.2181460180512267,0.3442727208203732
INST_079,-3.179216584846756,0.20244672576799025,1.5698484712604968,-0.25090277873779837,0.14830573689410312,0.20859780830770422,-0.3663593974133815,-0.1329710665987236,0.29400769548018846,-0.14714223191355788,-0.026511680996371023,0.2649076196459278,0.04405439903158727
INST_080,-0.08880003491761539,1.1050111647959429,0.23978162432121744,-1.667087303390141,-0.5512857629126436,0.5395855348699339,0.6309189863037102,0.5320007827805469,-0.26495759102600336,-0.5935229631666714,0.39502526568161234,0.13877365100638106,-0.20757661922688228
INST_081,-1.1103819996720727,1.9575805570808562,-0.47670934524741176,0.014862735708484832,-0.03131299936042907,-0.21960246434591696,-0.13692111880572722,-0.3479200518766364,0.2110736838459256,0.04656663059868542,-0.17073684931192634,-0.021352216134443325,0.28406484485718375
