institution_id,reference_profile,family,n_oob_predictions,family_dominant_profile,family_dominant_probability,family_reference_profile_probability,profile_1_probability,profile_2_probability
INST_001,2,R0_WARD,58,2,0.9827586206896551,0.9827586206896551,0.017241379310344827,0.9827586206896551
INST_001,2,R1_PCA85_WARD,48,2,1.0,1.0,0.0,1.0
INST_001,2,R0_KMEANS,50,2,1.0,1.0,0.0,1.0
INST_001,2,R1_PCA85_KMEANS,49,2,1.0,1.0,0.0,1.0
INST_002,1,R0_WARD,41,1,1.0,1.0,1.0,0.0
INST_002,1,R1_PCA85_WARD,54,1,1.0,1.0,1.0,0.0
INST_002,1,R0_KMEANS,65,1,1.0,1.0,1.0,0.0
INST_002,1,R1_PCA85_KMEANS,53,1,1.0,1.0,1.0,0.0
INST_003,1,R0_WARD,61,1,1.0,1.0,1.0,0.0
INST_003,1,R1_PCA85_WARD,49,1,0.9591836734693877,0.9591836734693877,0.9591836734693877,0.04081632653061224
INST_003,1,R0_KMEANS,52,1,0.7115384615384616,0.7115384615384616,0.7115384615384616,0.28846153846153844
INST_003,1,R1_PCA85_KMEANS,48,1,0.7291666666666666,0.7291666666666666,0.7291666666666666,0.2708333333333333
INST_004,1,R0_WARD,39,1,0.9743589743589743,0.9743589743589743,0.9743589743589743,0.02564102564102564
INST_004,1,R1_PCA85_WARD,46,1,1.0,1.0,1.0,0.0
INST_004,1,R0_KMEANS,57,1,1.0,1.0,1.0,0.0
INST_004,1,R1_PCA85_KMEANS,45,1,1.0,1.0,1.0,0.0
INST_005,1,R0_WARD,60,1,1.0,1.0,1.0,0.0
INST_005,1,R1_PCA85_WARD,48,1,0.9791666666666666,0.9791666666666666,0.9791666666666666,0.020833333333333332
INST_005,1,R0_KMEANS,46,1,1.0,1.0,1.0,0.0
INST_005,1,R1_PCA85_KMEANS,47,1,1.0,1.0,1.0,0.0
INST_006,1,R0_WARD,47,1,1.0,1.0,1.0,0.0
INST_006,1,R1_PCA85_WARD,50,1,1.0,1.0,1.0,0.0
INST_006,1,R0_KMEANS,42,1,1.0,1.0,1.0,0.0
INST_006,1,R1_PCA85_KMEANS,39,1,1.0,1.0,1.0,0.0
INST_007,1,R0_WARD,49,1,0.7959183673469388,0.7959183673469388,0.7959183673469388,0.20408163265306123
INST_007,1,R1_PCA85_WARD,48,1,0.7083333333333334,0.7083333333333334,0.7083333333333334,0.2916666666666667
INST_007,1,R0_KMEANS,44,2,0.6136363636363636,0.38636363636363635,0.38636363636363635,0.6136363636363636
INST_007,1,R1_PCA85_KMEANS,54,2,0.5925925925925926,0.4074074074074074,0.4074074074074074,0.5925925925925926
INST_008,1,R0_WARD,58,1,0.9310344827586207,0.9310344827586207,0.9310344827586207,0.06896551724137931
INST_008,1,R1_PCA85_WARD,67,1,0.9253731343283582,0.9253731343283582,0.9253731343283582,0.07462686567164178
INST_008,1,R0_KMEANS,50,1,1.0,1.0,1.0,0.0
INST_008,1,R1_PCA85_KMEANS,54,1,0.9814814814814815,0.9814814814814815,0.9814814814814815,0.018518518518518517
INST_009,1,R0_WARD,53,1,0.9622641509433962,0.9622641509433962,0.9622641509433962,0.03773584905660377
INST_009,1,R1_PCA85_WARD,50,1,0.92,0.92,0.92,0.08
INST_009,1,R0_KMEANS,46,1,0.7608695652173914,0.7608695652173914,0.7608695652173914,0.2391304347826087
INST_009,1,R1_PCA85_KMEANS,48,1,0.8333333333333334,0.8333333333333334,0.8333333333333334,0.16666666666666666
INST_010,1,R0_WARD,54,1,1.0,1.0,1.0,0.0
INST_010,1,R1_PCA85_WARD,57,1,1.0,1.0,1.0,0.0
INST_010,1,R0_KMEANS,49,1,1.0,1.0,1.0,0.0
INST_010,1,R1_PCA85_KMEANS,34,1,1.0,1.0,1.0,0.0
INST_011,1,R0_WARD,52,1,1.0,1.0,1.0,0.0
INST_011,1,R1_PCA85_WARD,43,1,1.0,1.0,1.0,0.0
INST_011,1,R0_KMEANS,64,1,1.0,1.0,1.0,0.0
INST_011,1,R1_PCA85_KMEANS,54,1,1.0,1.0,1.0,0.0
INST_012,1,R0_WARD,52,1,1.0,1.0,1.0,0.0
INST_012,1,R1_PCA85_WARD,36,1,1.0,1.0,1.0,0.0
INST_012,1,R0_KMEANS,60,1,1.0,1.0,1.0,0.0
INST_012,1,R1_PCA85_KMEANS,47,1,1.0,1.0,1.0,0.0
INST_013,1,R0_WARD,36,1,1.0,1.0,1.0,0.0
INST_013,1,R1_PCA85_WARD,50,1,1.0,1.0,1.0,0.0
INST_013,1,R0_KMEANS,53,1,1.0,1.0,1.0,0.0
INST_013,1,R1_PCA85_KMEANS,46,1,1.0,1.0,1.0,0.0
INST_014,1,R0_WARD,61,1,1.0,1.0,1.0,0.0
INST_014,1,R1_PCA85_WARD,54,1,1.0,1.0,1.0,0.0
INST_014,1,R0_KMEANS,53,1,1.0,1.0,1.0,0.0
INST_014,1,R1_PCA85_KMEANS,47,1,1.0,1.0,1.0,0.0
INST_015,1,R0_WARD,54,1,0.8333333333333334,0.8333333333333334,0.8333333333333334,0.16666666666666666
INST_015,1,R1_PCA85_WARD,53,1,0.9433962264150944,0.9433962264150944,0.9433962264150944,0.05660377358490566
INST_015,1,R0_KMEANS,50,1,0.9,0.9,0.9,0.1
INST_015,1,R1_PCA85_KMEANS,45,1,0.8222222222222222,0.8222222222222222,0.8222222222222222,0.17777777777777778
INST_016,1,R0_WARD,43,1,1.0,1.0,1.0,0.0
INST_016,1,R1_PCA85_WARD,48,1,1.0,1.0,1.0,0.0
INST_016,1,R0_KMEANS,44,1,1.0,1.0,1.0,0.0
INST_016,1,R1_PCA85_KMEANS,49,1,1.0,1.0,1.0,0.0
INST_017,1,R0_WARD,52,1,1.0,1.0,1.0,0.0
INST_017,1,R1_PCA85_WARD,49,1,1.0,1.0,1.0,0.0
INST_017,1,R0_KMEANS,48,1,1.0,1.0,1.0,0.0
INST_017,1,R1_PCA85_KMEANS,47,1,1.0,1.0,1.0,0.0
INST_018,1,R0_WARD,38,1,0.868421052631579,0.868421052631579,0.868421052631579,0.13157894736842105
INST_018,1,R1_PCA85_WARD,50,1,0.98,0.98,0.98,0.02
INST_018,1,R0_KMEANS,49,1,0.7959183673469388,0.7959183673469388,0.7959183673469388,0.20408163265306123
INST_018,1,R1_PCA85_KMEANS,44,1,0.8181818181818182,0.8181818181818182,0.8181818181818182,0.18181818181818182
INST_019,1,R0_WARD,45,1,0.8222222222222222,0.8222222222222222,0.8222222222222222,0.17777777777777778
INST_019,1,R1_PCA85_WARD,59,1,0.8135593220338984,0.8135593220338984,0.8135593220338984,0.1864406779661017
INST_019,1,R0_KMEANS,52,1,0.5769230769230769,0.5769230769230769,0.5769230769230769,0.4230769230769231
INST_019,1,R1_PCA85_KMEANS,47,1,0.5531914893617021,0.5531914893617021,0.5531914893617021,0.44680851063829785
INST_020,1,R0_WARD,52,1,0.9423076923076923,0.9423076923076923,0.9423076923076923,0.057692307692307696
INST_020,1,R1_PCA85_WARD,49,1,0.9591836734693877,0.9591836734693877,0.9591836734693877,0.04081632653061224
INST_020,1,R0_KMEANS,51,1,0.9411764705882353,0.9411764705882353,0.9411764705882353,0.058823529411764705
INST_020,1,R1_PCA85_KMEANS,54,1,1.0,1.0,1.0,0.0
INST_021,1,R0_WARD,58,1,1.0,1.0,1.0,0.0
INST_021,1,R1_PCA85_WARD,42,1,1.0,1.0,1.0,0.0
INST_021,1,R0_KMEANS,45,1,1.0,1.0,1.0,0.0
INST_021,1,R1_PCA85_KMEANS,54,1,1.0,1.0,1.0,0.0
INST_022,2,R0_WARD,54,2,0.9814814814814815,0.9814814814814815,0.018518518518518517,0.9814814814814815
INST_022,2,R1_PCA85_WARD,53,2,1.0,1.0,0.0,1.0
INST_022,2,R0_KMEANS,59,2,1.0,1.0,0.0,1.0
INST_022,2,R1_PCA85_KMEANS,49,2,1.0,1.0,0.0,1.0
INST_023,1,R0_WARD,48,2,0.625,0.375,0.375,0.625
INST_023,1,R1_PCA85_WARD,57,2,0.7543859649122807,0.24561403508771928,0.24561403508771928,0.7543859649122807
INST_023,1,R0_KMEANS,45,2,0.8,0.2,0.2,0.8
INST_023,1,R1_PCA85_KMEANS,46,2,0.8695652173913043,0.13043478260869565,0.13043478260869565,0.8695652173913043
INST_024,1,R0_WARD,40,1,1.0,1.0,1.0,0.0
INST_024,1,R1_PCA85_WARD,55,1,1.0,1.0,1.0,0.0
INST_024,1,R0_KMEANS,49,1,1.0,1.0,1.0,0.0
INST_024,1,R1_PCA85_KMEANS,51,1,1.0,1.0,1.0,0.0
INST_025,1,R0_WARD,61,1,0.8688524590163934,0.8688524590163934,0.8688524590163934,0.13114754098360656
INST_025,1,R1_PCA85_WARD,51,1,0.803921568627451,0.803921568627451,0.803921568627451,0.19607843137254902
INST_025,1,R0_KMEANS,43,1,0.7209302325581395,0.7209302325581395,0.7209302325581395,0.27906976744186046
INST_025,1,R1_PCA85_KMEANS,38,1,0.5789473684210527,0.5789473684210527,0.5789473684210527,0.42105263157894735
INST_026,1,R0_WARD,51,1,1.0,1.0,1.0,0.0
INST_026,1,R1_PCA85_WARD,51,1,1.0,1.0,1.0,0.0
INST_026,1,R0_KMEANS,46,1,1.0,1.0,1.0,0.0
INST_026,1,R1_PCA85_KMEANS,50,1,1.0,1.0,1.0,0.0
INST_027,2,R0_WARD,51,2,0.9803921568627451,0.9803921568627451,0.0196078431372549,0.9803921568627451
INST_027,2,R1_PCA85_WARD,42,2,1.0,1.0,0.0,1.0
INST_027,2,R0_KMEANS,58,2,1.0,1.0,0.0,1.0
INST_027,2,R1_PCA85_KMEANS,50,2,1.0,1.0,0.0,1.0
INST_028,1,R0_WARD,52,1,1.0,1.0,1.0,0.0
INST_028,1,R1_PCA85_WARD,41,1,1.0,1.0,1.0,0.0
INST_028,1,R0_KMEANS,51,1,1.0,1.0,1.0,0.0
INST_028,1,R1_PCA85_KMEANS,49,1,1.0,1.0,1.0,0.0
INST_029,1,R0_WARD,47,1,1.0,1.0,1.0,0.0
INST_029,1,R1_PCA85_WARD,41,1,0.975609756097561,0.975609756097561,0.975609756097561,0.024390243902439025
INST_029,1,R0_KMEANS,54,1,0.9444444444444444,0.9444444444444444,0.9444444444444444,0.05555555555555555
INST_029,1,R1_PCA85_KMEANS,51,1,1.0,1.0,1.0,0.0
INST_030,1,R0_WARD,52,1,1.0,1.0,1.0,0.0
INST_030,1,R1_PCA85_WARD,40,1,1.0,1.0,1.0,0.0
INST_030,1,R0_KMEANS,48,1,0.8958333333333334,0.8958333333333334,0.8958333333333334,0.10416666666666667
INST_030,1,R1_PCA85_KMEANS,54,1,0.9629629629629629,0.9629629629629629,0.9629629629629629,0.037037037037037035
INST_031,1,R0_WARD,53,1,0.9056603773584906,0.9056603773584906,0.9056603773584906,0.09433962264150944
INST_031,1,R1_PCA85_WARD,52,1,0.9423076923076923,0.9423076923076923,0.9423076923076923,0.057692307692307696
INST_031,1,R0_KMEANS,43,1,0.8837209302325582,0.8837209302325582,0.8837209302325582,0.11627906976744186
INST_031,1,R1_PCA85_KMEANS,55,1,0.8909090909090909,0.8909090909090909,0.8909090909090909,0.10909090909090909
INST_032,1,R0_WARD,52,1,1.0,1.0,1.0,0.0
INST_032,1,R1_PCA85_WARD,56,1,1.0,1.0,1.0,0.0
INST_032,1,R0_KMEANS,62,1,1.0,1.0,1.0,0.0
INST_032,1,R1_PCA85_KMEANS,48,1,1.0,1.0,1.0,0.0
INST_033,1,R0_WARD,48,1,0.8958333333333334,0.8958333333333334,0.8958333333333334,0.10416666666666667
INST_033,1,R1_PCA85_WARD,50,1,0.92,0.92,0.92,0.08
INST_033,1,R0_KMEANS,43,1,0.7209302325581395,0.7209302325581395,0.7209302325581395,0.27906976744186046
INST_033,1,R1_PCA85_KMEANS,38,1,0.8421052631578947,0.8421052631578947,0.8421052631578947,0.15789473684210525
INST_034,2,R0_WARD,49,2,1.0,1.0,0.0,1.0
INST_034,2,R1_PCA85_WARD,50,2,1.0,1.0,0.0,1.0
INST_034,2,R0_KMEANS,50,2,1.0,1.0,0.0,1.0
INST_034,2,R1_PCA85_KMEANS,48,2,1.0,1.0,0.0,1.0
INST_035,1,R0_WARD,51,1,1.0,1.0,1.0,0.0
INST_035,1,R1_PCA85_WARD,46,1,1.0,1.0,1.0,0.0
INST_035,1,R0_KMEANS,50,1,1.0,1.0,1.0,0.0
INST_035,1,R1_PCA85_KMEANS,47,1,1.0,1.0,1.0,0.0
INST_036,2,R0_WARD,54,2,0.9814814814814815,0.9814814814814815,0.018518518518518517,0.9814814814814815
INST_036,2,R1_PCA85_WARD,50,2,1.0,1.0,0.0,1.0
INST_036,2,R0_KMEANS,48,2,1.0,1.0,0.0,1.0
INST_036,2,R1_PCA85_KMEANS,54,2,1.0,1.0,0.0,1.0
INST_037,2,R0_WARD,44,2,1.0,1.0,0.0,1.0
INST_037,2,R1_PCA85_WARD,59,2,1.0,1.0,0.0,1.0
INST_037,2,R0_KMEANS,45,2,1.0,1.0,0.0,1.0
INST_037,2,R1_PCA85_KMEANS,44,2,1.0,1.0,0.0,1.0
INST_038,1,R0_WARD,51,1,1.0,1.0,1.0,0.0
INST_038,1,R1_PCA85_WARD,48,1,0.9791666666666666,0.9791666666666666,0.9791666666666666,0.020833333333333332
INST_038,1,R0_KMEANS,55,1,1.0,1.0,1.0,0.0
INST_038,1,R1_PCA85_KMEANS,43,1,1.0,1.0,1.0,0.0
INST_039,2,R0_WARD,43,2,1.0,1.0,0.0,1.0
INST_039,2,R1_PCA85_WARD,48,2,1.0,1.0,0.0,1.0
INST_039,2,R0_KMEANS,54,2,1.0,1.0,0.0,1.0
INST_039,2,R1_PCA85_KMEANS,41,2,1.0,1.0,0.0,1.0
INST_040,1,R0_WARD,46,1,1.0,1.0,1.0,0.0
INST_040,1,R1_PCA85_WARD,53,1,1.0,1.0,1.0,0.0
INST_040,1,R0_KMEANS,51,1,1.0,1.0,1.0,0.0
INST_040,1,R1_PCA85_KMEANS,49,1,1.0,1.0,1.0,0.0
INST_041,2,R0_WARD,62,2,0.9838709677419355,0.9838709677419355,0.016129032258064516,0.9838709677419355
INST_041,2,R1_PCA85_WARD,57,2,1.0,1.0,0.0,1.0
INST_041,2,R0_KMEANS,45,2,1.0,1.0,0.0,1.0
INST_041,2,R1_PCA85_KMEANS,47,2,1.0,1.0,0.0,1.0
INST_042,1,R0_WARD,50,1,0.92,0.92,0.92,0.08
INST_042,1,R1_PCA85_WARD,49,1,0.8979591836734694,0.8979591836734694,0.8979591836734694,0.10204081632653061
INST_042,1,R0_KMEANS,47,1,0.7659574468085106,0.7659574468085106,0.7659574468085106,0.23404255319148937
INST_042,1,R1_PCA85_KMEANS,44,1,0.8863636363636364,0.8863636363636364,0.8863636363636364,0.11363636363636363
INST_043,1,R0_WARD,48,1,1.0,1.0,1.0,0.0
INST_043,1,R1_PCA85_WARD,50,1,1.0,1.0,1.0,0.0
INST_043,1,R0_KMEANS,49,1,1.0,1.0,1.0,0.0
INST_043,1,R1_PCA85_KMEANS,49,1,1.0,1.0,1.0,0.0
INST_044,1,R0_WARD,45,1,0.9555555555555556,0.9555555555555556,0.9555555555555556,0.044444444444444446
INST_044,1,R1_PCA85_WARD,45,1,1.0,1.0,1.0,0.0
INST_044,1,R0_KMEANS,54,1,0.8333333333333334,0.8333333333333334,0.8333333333333334,0.16666666666666666
INST_044,1,R1_PCA85_KMEANS,57,1,0.8771929824561403,0.8771929824561403,0.8771929824561403,0.12280701754385964
INST_045,1,R0_WARD,51,1,0.9803921568627451,0.9803921568627451,0.9803921568627451,0.0196078431372549
INST_045,1,R1_PCA85_WARD,59,1,0.9830508474576272,0.9830508474576272,0.9830508474576272,0.01694915254237288
INST_045,1,R0_KMEANS,56,1,0.9821428571428571,0.9821428571428571,0.9821428571428571,0.017857142857142856
INST_045,1,R1_PCA85_KMEANS,45,1,1.0,1.0,1.0,0.0
INST_046,1,R0_WARD,64,1,1.0,1.0,1.0,0.0
INST_046,1,R1_PCA85_WARD,51,1,1.0,1.0,1.0,0.0
INST_046,1,R0_KMEANS,48,1,1.0,1.0,1.0,0.0
INST_046,1,R1_PCA85_KMEANS,47,1,1.0,1.0,1.0,0.0
INST_047,1,R0_WARD,49,1,1.0,1.0,1.0,0.0
INST_047,1,R1_PCA85_WARD,53,1,1.0,1.0,1.0,0.0
INST_047,1,R0_KMEANS,54,1,1.0,1.0,1.0,0.0
INST_047,1,R1_PCA85_KMEANS,51,1,1.0,1.0,1.0,0.0
INST_048,1,R0_WARD,51,1,1.0,1.0,1.0,0.0
INST_048,1,R1_PCA85_WARD,56,1,1.0,1.0,1.0,0.0
INST_048,1,R0_KMEANS,45,1,1.0,1.0,1.0,0.0
INST_048,1,R1_PCA85_KMEANS,48,1,1.0,1.0,1.0,0.0
INST_049,1,R0_WARD,48,1,1.0,1.0,1.0,0.0
INST_049,1,R1_PCA85_WARD,53,1,1.0,1.0,1.0,0.0
INST_049,1,R0_KMEANS,48,1,1.0,1.0,1.0,0.0
INST_049,1,R1_PCA85_KMEANS,46,1,1.0,1.0,1.0,0.0
INST_050,1,R0_WARD,51,1,1.0,1.0,1.0,0.0
INST_050,1,R1_PCA85_WARD,44,1,0.9090909090909091,0.9090909090909091,0.9090909090909091,0.09090909090909091
INST_050,1,R0_KMEANS,51,1,1.0,1.0,1.0,0.0
INST_050,1,R1_PCA85_KMEANS,61,1,0.9508196721311475,0.9508196721311475,0.9508196721311475,0.04918032786885246
INST_051,2,R0_WARD,48,2,0.9791666666666666,0.9791666666666666,0.020833333333333332,0.9791666666666666
INST_051,2,R1_PCA85_WARD,46,2,1.0,1.0,0.0,1.0
INST_051,2,R0_KMEANS,51,2,1.0,1.0,0.0,1.0
INST_051,2,R1_PCA85_KMEANS,50,2,1.0,1.0,0.0,1.0
INST_052,1,R0_WARD,53,1,0.9245283018867925,0.9245283018867925,0.9245283018867925,0.07547169811320754
INST_052,1,R1_PCA85_WARD,52,1,0.8846153846153846,0.8846153846153846,0.8846153846153846,0.11538461538461539
INST_052,1,R0_KMEANS,42,1,0.7857142857142857,0.7857142857142857,0.7857142857142857,0.21428571428571427
INST_052,1,R1_PCA85_KMEANS,52,1,0.6730769230769231,0.6730769230769231,0.6730769230769231,0.3269230769230769
INST_053,1,R0_WARD,44,1,1.0,1.0,1.0,0.0
INST_053,1,R1_PCA85_WARD,40,1,1.0,1.0,1.0,0.0
INST_053,1,R0_KMEANS,52,1,1.0,1.0,1.0,0.0
INST_053,1,R1_PCA85_KMEANS,50,1,1.0,1.0,1.0,0.0
INST_054,2,R0_WARD,51,2,1.0,1.0,0.0,1.0
INST_054,2,R1_PCA85_WARD,43,2,1.0,1.0,0.0,1.0
INST_054,2,R0_KMEANS,46,2,1.0,1.0,0.0,1.0
INST_054,2,R1_PCA85_KMEANS,43,2,1.0,1.0,0.0,1.0
INST_055,1,R0_WARD,45,1,1.0,1.0,1.0,0.0
INST_055,1,R1_PCA85_WARD,51,1,1.0,1.0,1.0,0.0
INST_055,1,R0_KMEANS,53,1,1.0,1.0,1.0,0.0
INST_055,1,R1_PCA85_KMEANS,49,1,1.0,1.0,1.0,0.0
INST_056,1,R0_WARD,45,1,1.0,1.0,1.0,0.0
INST_056,1,R1_PCA85_WARD,48,1,1.0,1.0,1.0,0.0
INST_056,1,R0_KMEANS,49,1,1.0,1.0,1.0,0.0
INST_056,1,R1_PCA85_KMEANS,57,1,1.0,1.0,1.0,0.0
INST_057,1,R0_WARD,46,1,1.0,1.0,1.0,0.0
INST_057,1,R1_PCA85_WARD,58,1,1.0,1.0,1.0,0.0
INST_057,1,R0_KMEANS,54,1,1.0,1.0,1.0,0.0
INST_057,1,R1_PCA85_KMEANS,50,1,1.0,1.0,1.0,0.0
INST_058,1,R0_WARD,61,1,1.0,1.0,1.0,0.0
INST_058,1,R1_PCA85_WARD,49,1,1.0,1.0,1.0,0.0
INST_058,1,R0_KMEANS,47,1,1.0,1.0,1.0,0.0
INST_058,1,R1_PCA85_KMEANS,55,1,1.0,1.0,1.0,0.0
INST_059,1,R0_WARD,39,1,1.0,1.0,1.0,0.0
INST_059,1,R1_PCA85_WARD,42,1,1.0,1.0,1.0,0.0
INST_059,1,R0_KMEANS,46,1,1.0,1.0,1.0,0.0
INST_059,1,R1_PCA85_KMEANS,57,1,1.0,1.0,1.0,0.0
INST_060,1,R0_WARD,49,1,1.0,1.0,1.0,0.0
INST_060,1,R1_PCA85_WARD,45,1,1.0,1.0,1.0,0.0
INST_060,1,R0_KMEANS,44,1,1.0,1.0,1.0,0.0
INST_060,1,R1_PCA85_KMEANS,55,1,1.0,1.0,1.0,0.0
INST_061,1,R0_WARD,41,1,1.0,1.0,1.0,0.0
INST_061,1,R1_PCA85_WARD,47,1,1.0,1.0,1.0,0.0
INST_061,1,R0_KMEANS,36,1,1.0,1.0,1.0,0.0
INST_061,1,R1_PCA85_KMEANS,55,1,1.0,1.0,1.0,0.0
INST_062,1,R0_WARD,41,1,0.9512195121951219,0.9512195121951219,0.9512195121951219,0.04878048780487805
INST_062,1,R1_PCA85_WARD,49,1,0.9795918367346939,0.9795918367346939,0.9795918367346939,0.02040816326530612
INST_062,1,R0_KMEANS,59,1,1.0,1.0,1.0,0.0
INST_062,1,R1_PCA85_KMEANS,46,1,1.0,1.0,1.0,0.0
INST_063,1,R0_WARD,44,1,0.9545454545454546,0.9545454545454546,0.9545454545454546,0.045454545454545456
INST_063,1,R1_PCA85_WARD,61,1,0.9672131147540983,0.9672131147540983,0.9672131147540983,0.03278688524590164
INST_063,1,R0_KMEANS,40,1,0.85,0.85,0.85,0.15
INST_063,1,R1_PCA85_KMEANS,55,1,0.8363636363636363,0.8363636363636363,0.8363636363636363,0.16363636363636364
INST_064,1,R0_WARD,49,1,0.7959183673469388,0.7959183673469388,0.7959183673469388,0.20408163265306123
INST_064,1,R1_PCA85_WARD,57,1,0.7719298245614035,0.7719298245614035,0.7719298245614035,0.22807017543859648
INST_064,1,R0_KMEANS,59,2,0.6610169491525424,0.3389830508474576,0.3389830508474576,0.6610169491525424
INST_064,1,R1_PCA85_KMEANS,57,2,0.5087719298245614,0.49122807017543857,0.49122807017543857,0.5087719298245614
INST_065,2,R0_WARD,37,2,1.0,1.0,0.0,1.0
INST_065,2,R1_PCA85_WARD,51,2,1.0,1.0,0.0,1.0
INST_065,2,R0_KMEANS,33,2,1.0,1.0,0.0,1.0
INST_065,2,R1_PCA85_KMEANS,54,2,1.0,1.0,0.0,1.0
INST_066,1,R0_WARD,48,1,0.8541666666666666,0.8541666666666666,0.8541666666666666,0.14583333333333334
INST_066,1,R1_PCA85_WARD,43,1,0.7906976744186046,0.7906976744186046,0.7906976744186046,0.20930232558139536
INST_066,1,R0_KMEANS,42,2,0.5714285714285714,0.42857142857142855,0.42857142857142855,0.5714285714285714
INST_066,1,R1_PCA85_KMEANS,56,2,0.5178571428571429,0.48214285714285715,0.48214285714285715,0.5178571428571429
INST_067,1,R0_WARD,54,1,1.0,1.0,1.0,0.0
INST_067,1,R1_PCA85_WARD,52,1,0.9807692307692307,0.9807692307692307,0.9807692307692307,0.019230769230769232
INST_067,1,R0_KMEANS,52,1,1.0,1.0,1.0,0.0
INST_067,1,R1_PCA85_KMEANS,48,1,1.0,1.0,1.0,0.0
INST_068,1,R0_WARD,61,1,1.0,1.0,1.0,0.0
INST_068,1,R1_PCA85_WARD,50,1,1.0,1.0,1.0,0.0
INST_068,1,R0_KMEANS,51,1,1.0,1.0,1.0,0.0
INST_068,1,R1_PCA85_KMEANS,51,1,1.0,1.0,1.0,0.0
INST_069,1,R0_WARD,49,1,1.0,1.0,1.0,0.0
INST_069,1,R1_PCA85_WARD,45,1,1.0,1.0,1.0,0.0
INST_069,1,R0_KMEANS,33,1,1.0,1.0,1.0,0.0
INST_069,1,R1_PCA85_KMEANS,48,1,1.0,1.0,1.0,0.0
INST_070,1,R0_WARD,38,1,1.0,1.0,1.0,0.0
INST_070,1,R1_PCA85_WARD,42,1,1.0,1.0,1.0,0.0
INST_070,1,R0_KMEANS,44,1,1.0,1.0,1.0,0.0
INST_070,1,R1_PCA85_KMEANS,48,1,1.0,1.0,1.0,0.0
INST_071,2,R0_WARD,55,2,1.0,1.0,0.0,1.0
INST_071,2,R1_PCA85_WARD,44,2,1.0,1.0,0.0,1.0
INST_071,2,R0_KMEANS,52,2,1.0,1.0,0.0,1.0
INST_071,2,R1_PCA85_KMEANS,47,2,1.0,1.0,0.0,1.0
INST_072,1,R0_WARD,42,1,1.0,1.0,1.0,0.0
INST_072,1,R1_PCA85_WARD,54,1,1.0,1.0,1.0,0.0
INST_072,1,R0_KMEANS,47,1,1.0,1.0,1.0,0.0
INST_072,1,R1_PCA85_KMEANS,50,1,1.0,1.0,1.0,0.0
INST_073,1,R0_WARD,37,1,0.9459459459459459,0.9459459459459459,0.9459459459459459,0.05405405405405406
INST_073,1,R1_PCA85_WARD,50,1,0.84,0.84,0.84,0.16
INST_073,1,R0_KMEANS,46,1,0.7391304347826086,0.7391304347826086,0.7391304347826086,0.2608695652173913
INST_073,1,R1_PCA85_KMEANS,49,1,0.6938775510204082,0.6938775510204082,0.6938775510204082,0.30612244897959184
INST_074,2,R0_WARD,36,2,1.0,1.0,0.0,1.0
INST_074,2,R1_PCA85_WARD,49,2,1.0,1.0,0.0,1.0
INST_074,2,R0_KMEANS,55,2,1.0,1.0,0.0,1.0
INST_074,2,R1_PCA85_KMEANS,48,2,1.0,1.0,0.0,1.0
INST_075,1,R0_WARD,47,1,1.0,1.0,1.0,0.0
INST_075,1,R1_PCA85_WARD,49,1,1.0,1.0,1.0,0.0
INST_075,1,R0_KMEANS,52,1,1.0,1.0,1.0,0.0
INST_075,1,R1_PCA85_KMEANS,53,1,1.0,1.0,1.0,0.0
INST_076,1,R0_WARD,65,1,1.0,1.0,1.0,0.0
INST_076,1,R1_PCA85_WARD,50,1,1.0,1.0,1.0,0.0
INST_076,1,R0_KMEANS,48,1,1.0,1.0,1.0,0.0
INST_076,1,R1_PCA85_KMEANS,56,1,1.0,1.0,1.0,0.0
INST_077,1,R0_WARD,58,1,0.8793103448275862,0.8793103448275862,0.8793103448275862,0.1206896551724138
INST_077,1,R1_PCA85_WARD,56,1,0.9107142857142857,0.9107142857142857,0.9107142857142857,0.08928571428571429
INST_077,1,R0_KMEANS,56,1,0.875,0.875,0.875,0.125
INST_077,1,R1_PCA85_KMEANS,55,1,0.7818181818181819,0.7818181818181819,0.7818181818181819,0.21818181818181817
INST_078,1,R0_WARD,54,1,1.0,1.0,1.0,0.0
INST_078,1,R1_PCA85_WARD,34,1,1.0,1.0,1.0,0.0
INST_078,1,R0_KMEANS,45,1,1.0,1.0,1.0,0.0
INST_078,1,R1_PCA85_KMEANS,53,1,1.0,1.0,1.0,0.0
INST_079,1,R0_WARD,41,1,1.0,1.0,1.0,0.0
INST_079,1,R1_PCA85_WARD,43,1,1.0,1.0,1.0,0.0
INST_079,1,R0_KMEANS,48,1,1.0,1.0,1.0,0.0
INST_079,1,R1_PCA85_KMEANS,52,1,1.0,1.0,1.0,0.0
INST_080,1,R0_WARD,52,1,1.0,1.0,1.0,0.0
INST_080,1,R1_PCA85_WARD,35,1,1.0,1.0,1.0,0.0
INST_080,1,R0_KMEANS,48,1,1.0,1.0,1.0,0.0
INST_080,1,R1_PCA85_KMEANS,48,1,1.0,1.0,1.0,0.0
INST_081,1,R0_WARD,41,1,1.0,1.0,1.0,0.0
INST_081,1,R1_PCA85_WARD,55,1,1.0,1.0,1.0,0.0
INST_081,1,R0_KMEANS,49,1,1.0,1.0,1.0,0.0
INST_081,1,R1_PCA85_KMEANS,48,1,1.0,1.0,1.0,0.0
